Frame,Lighting,Key Light Position,Lighting Ratio,Shadow Intensity,Color Temperature,Contrast Ratio,Glare Detection
0,Silhouette,Front Light,Key-to-Fill Ratio: 32.09:1,Hard Shadows,Warm Lighting,Contrast Ratio: 50:1,No Glare
1,Silhouette,Front Light,Key-to-Fill Ratio: 31.8:1,Hard Shadows,Warm Lighting,Contrast Ratio: 50:1,No Glare
2,Silhouette,Front Light,Key-to-Fill Ratio: 31.62:1,Hard Shadows,Warm Lighting,Contrast Ratio: 50:1,No Glare
3,Silhouette,Front Light,Key-to-Fill Ratio: 31.56:1,Hard Shadows,Warm Lighting,Contrast Ratio: 50:1,No Glare
4,Silhouette,Front Light,Key-to-Fill Ratio: 31.39:1,Hard Shadows,Warm Lighting,Contrast Ratio: 50:1,No Glare
5,Silhouette,Front Light,Key-to-Fill Ratio: 31.36:1,Hard Shadows,Warm Lighting,Contrast Ratio: 50:1,No Glare
6,Silhouette,Front Light,Key-to-Fill Ratio: 31.28:1,Hard Shadows,Warm Lighting,Contrast Ratio: 50:1,No Glare
7,High-Key,Front Light,Key-to-Fill Ratio: 31.31:1,Hard Shadows,Warm Lighting,Contrast Ratio: 50:1,No Glare
8,High-Key,Front Light,Key-to-Fill Ratio: 31.24:1,Hard Shadows,Warm Lighting,Contrast Ratio: 50:1,No Glare
9,High-Key,Front Light,Key-to-Fill Ratio: 31.18:1,Hard Shadows,Warm Lighting,Contrast Ratio: 50:1,No Glare
10,High-Key,Front Light,Key-to-Fill Ratio: 31.18:1,Hard Shadows,Warm Lighting,Contrast Ratio: 50:1,No Glare
11,High-Key,Front Light,Key-to-Fill Ratio: 31.14:1,Hard Shadows,Warm Lighting,Contrast Ratio: 50:1,No Glare
12,High-Key,Front Light,Key-to-Fill Ratio: 31.18:1,Hard Shadows,Warm Lighting,Contrast Ratio: 50:1,No Glare
13,High-Key,Front Light,Key-to-Fill Ratio: 31.09:1,Hard Shadows,Warm Lighting,Contrast Ratio: 50:1,No Glare
14,Silhouette,Front Light,Key-to-Fill Ratio: 31.16:1,Hard Shadows,Warm Lighting,Contrast Ratio: 50:1,No Glare
15,Silhouette,Front Light,Key-to-Fill Ratio: 31.1:1,Hard Shadows,Warm Lighting,Contrast Ratio: 50:1,No Glare
16,Silhouette,Front Light,Key-to-Fill Ratio: 31.1:1,Hard Shadows,Warm Lighting,Contrast Ratio: 50:1,No Glare
17,Silhouette,Front Light,Key-to-Fill Ratio: 31.09:1,Hard Shadows,Warm Lighting,Contrast Ratio: 50:1,No Glare
18,Silhouette,Front Light,Key-to-Fill Ratio: 31.16:1,Hard Shadows,Warm Lighting,Contrast Ratio: 50:1,No Glare
19,Silhouette,Front Light,Key-to-Fill Ratio: 31.1:1,Hard Shadows,Warm Lighting,Contrast Ratio: 50:1,No Glare
20,Silhouette,Front Light,Key-to-Fill Ratio: 31.01:1,Hard Shadows,Warm Lighting,Contrast Ratio: 50:1,No Glare
21,Silhouette,Front Light,Key-to-Fill Ratio: 30.98:1,Hard Shadows,Warm Lighting,Contrast Ratio: 50:1,No Glare
22,Silhouette,Front Light,Key-to-Fill Ratio: 30.94:1,Hard Shadows,Warm Lighting,Contrast Ratio: 50:1,No Glare
23,Silhouette,Front Light,Key-to-Fill Ratio: 30.89:1,Hard Shadows,Warm Lighting,Contrast Ratio: 50:1,No Glare
24,Silhouette,Front Light,Key-to-Fill Ratio: 30.87:1,Hard Shadows,Warm Lighting,Contrast Ratio: 50:1,No Glare
25,Silhouette,Front Light,Key-to-Fill Ratio: 30.84:1,Hard Shadows,Warm Lighting,Contrast Ratio: 50:1,No Glare
26,Silhouette,Front Light,Key-to-Fill Ratio: 30.84:1,Hard Shadows,Warm Lighting,Contrast Ratio: 50:1,No Glare
27,Silhouette,Front Light,Key-to-Fill Ratio: 30.79:1,Hard Shadows,Warm Lighting,Contrast Ratio: 50:1,No Glare
28,Silhouette,Front Light,Key-to-Fill Ratio: 30.72:1,Hard Shadows,Warm Lighting,Contrast Ratio: 50:1,No Glare
29,Silhouette,Front Light,Key-to-Fill Ratio: 30.75:1,Hard Shadows,Warm Lighting,Contrast Ratio: 50:1,No Glare
30,Silhouette,Front Light,Key-to-Fill Ratio: 30.7:1,Hard Shadows,Warm Lighting,Contrast Ratio: 50:1,No Glare
31,High-Key,Front Light,Key-to-Fill Ratio: 30.66:1,Hard Shadows,Warm Lighting,Contrast Ratio: 50:1,No Glare
32,Silhouette,Front Light,Key-to-Fill Ratio: 30.55:1,Hard Shadows,Warm Lighting,Contrast Ratio: 50:1,No Glare
33,Silhouette,Front Light,Key-to-Fill Ratio: 30.57:1,Hard Shadows,Cool Lighting,Contrast Ratio: 50:1,No Glare
34,Silhouette,Front Light,Key-to-Fill Ratio: 30.51:1,Hard Shadows,Cool Lighting,Contrast Ratio: 50:1,No Glare
35,Silhouette,Front Light,Key-to-Fill Ratio: 30.43:1,Hard Shadows,Cool Lighting,Contrast Ratio: 50:1,No Glare
36,Silhouette,Front Light,Key-to-Fill Ratio: 30.56:1,Hard Shadows,Cool Lighting,Contrast Ratio: 50:1,No Glare
37,Silhouette,Front Light,Key-to-Fill Ratio: 30.53:1,Hard Shadows,Cool Lighting,Contrast Ratio: 50:1,No Glare
38,Silhouette,Front Light,Key-to-Fill Ratio: 30.55:1,Hard Shadows,Cool Lighting,Contrast Ratio: 50:1,No Glare
39,Silhouette,Front Light,Key-to-Fill Ratio: 30.54:1,Hard Shadows,Cool Lighting,Contrast Ratio: 50:1,No Glare
40,Silhouette,Front Light,Key-to-Fill Ratio: 30.55:1,Hard Shadows,Cool Lighting,Contrast Ratio: 50:1,No Glare
41,Silhouette,Front Light,Key-to-Fill Ratio: 30.47:1,Hard Shadows,Cool Lighting,Contrast Ratio: 50:1,No Glare
42,Silhouette,Front Light,Key-to-Fill Ratio: 30.5:1,Hard Shadows,Cool Lighting,Contrast Ratio: 50:1,No Glare
43,Silhouette,Front Light,Key-to-Fill Ratio: 30.28:1,Hard Shadows,Cool Lighting,Contrast Ratio: 50:1,No Glare
44,Silhouette,Front Light,Key-to-Fill Ratio: 30.2:1,Hard Shadows,Cool Lighting,Contrast Ratio: 50:1,No Glare
45,Silhouette,Front Light,Key-to-Fill Ratio: 30.16:1,Hard Shadows,Cool Lighting,Contrast Ratio: 50:1,No Glare
46,Silhouette,Front Light,Key-to-Fill Ratio: 30.11:1,Hard Shadows,Cool Lighting,Contrast Ratio: 50:1,No Glare
47,Silhouette,Front Light,Key-to-Fill Ratio: 30.04:1,Hard Shadows,Cool Lighting,Contrast Ratio: 50:1,No Glare
48,Silhouette,Front Light,Key-to-Fill Ratio: 29.98:1,Hard Shadows,Cool Lighting,Contrast Ratio: 50:1,No Glare
49,Silhouette,Front Light,Key-to-Fill Ratio: 29.94:1,Hard Shadows,Cool Lighting,Contrast Ratio: 50:1,No Glare
50,Silhouette,Front Light,Key-to-Fill Ratio: 29.86:1,Hard Shadows,Cool Lighting,Contrast Ratio: 50:1,No Glare
51,Silhouette,Front Light,Key-to-Fill Ratio: 29.81:1,Hard Shadows,Cool Lighting,Contrast Ratio: 50:1,No Glare
52,Silhouette,Front Light,Key-to-Fill Ratio: 29.76:1,Hard Shadows,Cool Lighting,Contrast Ratio: 50:1,No Glare
53,Silhouette,Front Light,Key-to-Fill Ratio: 29.6:1,Hard Shadows,Cool Lighting,Contrast Ratio: 50:1,No Glare
54,Silhouette,Front Light,Key-to-Fill Ratio: 29.53:1,Hard Shadows,Cool Lighting,Contrast Ratio: 50:1,No Glare
55,Silhouette,Front Light,Key-to-Fill Ratio: 29.5:1,Hard Shadows,Cool Lighting,Contrast Ratio: 50:1,No Glare
56,High-Key,Front Light,Key-to-Fill Ratio: 29.66:1,Hard Shadows,Cool Lighting,Contrast Ratio: 50:1,No Glare
57,High-Key,Front Light,Key-to-Fill Ratio: 29.69:1,Hard Shadows,Cool Lighting,Contrast Ratio: 50:1,No Glare
58,Silhouette,Front Light,Key-to-Fill Ratio: 29.74:1,Hard Shadows,Cool Lighting,Contrast Ratio: 50:1,No Glare
59,Silhouette,Front Light,Key-to-Fill Ratio: 29.66:1,Hard Shadows,Cool Lighting,Contrast Ratio: 50:1,No Glare
60,Silhouette,Front Light,Key-to-Fill Ratio: 29.72:1,Hard Shadows,Cool Lighting,Contrast Ratio: 50:1,No Glare
61,Silhouette,Front Light,Key-to-Fill Ratio: 29.65:1,Hard Shadows,Cool Lighting,Contrast Ratio: 50:1,No Glare
62,Silhouette,Front Light,Key-to-Fill Ratio: 29.6:1,Hard Shadows,Cool Lighting,Contrast Ratio: 50:1,No Glare
63,Silhouette,Front Light,Key-to-Fill Ratio: 29.64:1,Hard Shadows,Cool Lighting,Contrast Ratio: 50:1,No Glare
64,Silhouette,Front Light,Key-to-Fill Ratio: 29.64:1,Hard Shadows,Cool Lighting,Contrast Ratio: 50:1,No Glare
65,Silhouette,Front Light,Key-to-Fill Ratio: 29.56:1,Hard Shadows,Cool Lighting,Contrast Ratio: 50:1,No Glare
66,Silhouette,Front Light,Key-to-Fill Ratio: 29.56:1,Hard Shadows,Cool Lighting,Contrast Ratio: 50:1,No Glare
67,Silhouette,Front Light,Key-to-Fill Ratio: 29.49:1,Hard Shadows,Cool Lighting,Contrast Ratio: 50:1,No Glare
68,Silhouette,Front Light,Key-to-Fill Ratio: 29.52:1,Hard Shadows,Cool Lighting,Contrast Ratio: 50:1,No Glare
69,High-Key,Front Light,Key-to-Fill Ratio: 29.44:1,Hard Shadows,Cool Lighting,Contrast Ratio: 50:1,No Glare
70,Silhouette,Front Light,Key-to-Fill Ratio: 29.43:1,Hard Shadows,Cool Lighting,Contrast Ratio: 50:1,No Glare
71,Silhouette,Front Light,Key-to-Fill Ratio: 29.4:1,Hard Shadows,Cool Lighting,Contrast Ratio: 50:1,No Glare
72,Silhouette,Front Light,Key-to-Fill Ratio: 29.33:1,Hard Shadows,Cool Lighting,Contrast Ratio: 50:1,No Glare
73,Silhouette,Front Light,Key-to-Fill Ratio: 29.24:1,Hard Shadows,Cool Lighting,Contrast Ratio: 50:1,No Glare
74,Silhouette,Front Light,Key-to-Fill Ratio: 29.22:1,Hard Shadows,Cool Lighting,Contrast Ratio: 50:1,No Glare
75,Silhouette,Front Light,Key-to-Fill Ratio: 29.14:1,Hard Shadows,Cool Lighting,Contrast Ratio: 50:1,No Glare
76,Silhouette,Front Light,Key-to-Fill Ratio: 29.11:1,Hard Shadows,Cool Lighting,Contrast Ratio: 50:1,No Glare
77,Silhouette,Front Light,Key-to-Fill Ratio: 29.04:1,Hard Shadows,Cool Lighting,Contrast Ratio: 50:1,No Glare
78,Silhouette,Front Light,Key-to-Fill Ratio: 29.02:1,Hard Shadows,Cool Lighting,Contrast Ratio: 50:1,No Glare
79,Silhouette,Front Light,Key-to-Fill Ratio: 28.96:1,Hard Shadows,Cool Lighting,Contrast Ratio: 50:1,No Glare
80,High-Key,Front Light,Key-to-Fill Ratio: 28.9:1,Hard Shadows,Cool Lighting,Contrast Ratio: 50:1,No Glare
81,High-Key,Front Light,Key-to-Fill Ratio: 28.92:1,Hard Shadows,Cool Lighting,Contrast Ratio: 50:1,No Glare
82,High-Key,Front Light,Key-to-Fill Ratio: 28.9:1,Hard Shadows,Cool Lighting,Contrast Ratio: 50:1,No Glare
83,High-Key,Front Light,Key-to-Fill Ratio: 28.85:1,Hard Shadows,Cool Lighting,Contrast Ratio: 50:1,No Glare
84,High-Key,Front Light,Key-to-Fill Ratio: 28.82:1,Hard Shadows,Cool Lighting,Contrast Ratio: 50:1,No Glare
85,High-Key,Front Light,Key-to-Fill Ratio: 28.75:1,Hard Shadows,Cool Lighting,Contrast Ratio: 50:1,No Glare
86,High-Key,Front Light,Key-to-Fill Ratio: 28.68:1,Hard Shadows,Cool Lighting,Contrast Ratio: 50:1,No Glare
87,High-Key,Front Light,Key-to-Fill Ratio: 28.6:1,Hard Shadows,Cool Lighting,Contrast Ratio: 50:1,No Glare
88,Silhouette,Front Light,Key-to-Fill Ratio: 28.53:1,Hard Shadows,Cool Lighting,Contrast Ratio: 50:1,No Glare
89,Silhouette,Front Light,Key-to-Fill Ratio: 28.49:1,Hard Shadows,Cool Lighting,Contrast Ratio: 50:1,No Glare
90,Silhouette,Front Light,Key-to-Fill Ratio: 28.65:1,Hard Shadows,Warm Lighting,Contrast Ratio: 50:1,No Glare
91,High-Key,Front Light,Key-to-Fill Ratio: 28.43:1,Hard Shadows,Warm Lighting,Contrast Ratio: 50:1,No Glare
92,High-Key,Front Light,Key-to-Fill Ratio: 28.39:1,Hard Shadows,Warm Lighting,Contrast Ratio: 50:1,No Glare
93,High-Key,Front Light,Key-to-Fill Ratio: 28.27:1,Hard Shadows,Warm Lighting,Contrast Ratio: 50:1,No Glare
94,Silhouette,Front Light,Key-to-Fill Ratio: 28.27:1,Hard Shadows,Warm Lighting,Contrast Ratio: 50:1,No Glare
95,Silhouette,Front Light,Key-to-Fill Ratio: 28.16:1,Hard Shadows,Warm Lighting,Contrast Ratio: 50:1,No Glare
96,Silhouette,Front Light,Key-to-Fill Ratio: 28.07:1,Hard Shadows,Warm Lighting,Contrast Ratio: 50:1,No Glare
97,Silhouette,Front Light,Key-to-Fill Ratio: 28.01:1,Hard Shadows,Warm Lighting,Contrast Ratio: 50:1,No Glare
98,Silhouette,Front Light,Key-to-Fill Ratio: 27.87:1,Hard Shadows,Cool Lighting,Contrast Ratio: 50:1,No Glare
99,Silhouette,Front Light,Key-to-Fill Ratio: 27.8:1,Hard Shadows,Warm Lighting,Contrast Ratio: 50:1,No Glare
100,Silhouette,Front Light,Key-to-Fill Ratio: 27.73:1,Hard Shadows,Warm Lighting,Contrast Ratio: 50:1,No Glare
101,Silhouette,Front Light,Key-to-Fill Ratio: 27.54:1,Hard Shadows,Warm Lighting,Contrast Ratio: 50:1,No Glare
102,Silhouette,Front Light,Key-to-Fill Ratio: 27.55:1,Hard Shadows,Warm Lighting,Contrast Ratio: 50:1,No Glare
103,Silhouette,Front Light,Key-to-Fill Ratio: 27.48:1,Hard Shadows,Warm Lighting,Contrast Ratio: 50:1,No Glare
104,Silhouette,Front Light,Key-to-Fill Ratio: 27.43:1,Hard Shadows,Warm Lighting,Contrast Ratio: 50:1,No Glare
105,Silhouette,Front Light,Key-to-Fill Ratio: 27.43:1,Hard Shadows,Warm Lighting,Contrast Ratio: 50:1,No Glare
106,Silhouette,Front Light,Key-to-Fill Ratio: 27.41:1,Hard Shadows,Warm Lighting,Contrast Ratio: 50:1,No Glare
107,Silhouette,Front Light,Key-to-Fill Ratio: 27.33:1,Hard Shadows,Warm Lighting,Contrast Ratio: 50:1,No Glare
108,Silhouette,Front Light,Key-to-Fill Ratio: 27.29:1,Hard Shadows,Warm Lighting,Contrast Ratio: 50:1,No Glare
109,Silhouette,Front Light,Key-to-Fill Ratio: 27.25:1,Hard Shadows,Warm Lighting,Contrast Ratio: 50:1,No Glare
110,Silhouette,Front Light,Key-to-Fill Ratio: 27.21:1,Hard Shadows,Warm Lighting,Contrast Ratio: 50:1,No Glare
111,Silhouette,Front Light,Key-to-Fill Ratio: 27.17:1,Hard Shadows,Warm Lighting,Contrast Ratio: 50:1,No Glare
112,Silhouette,Front Light,Key-to-Fill Ratio: 27.19:1,Hard Shadows,Warm Lighting,Contrast Ratio: 50:1,No Glare
113,Silhouette,Front Light,Key-to-Fill Ratio: 27.17:1,Hard Shadows,Warm Lighting,Contrast Ratio: 50:1,No Glare
114,Silhouette,Front Light,Key-to-Fill Ratio: 27.14:1,Hard Shadows,Warm Lighting,Contrast Ratio: 50:1,No Glare
115,Silhouette,Front Light,Key-to-Fill Ratio: 27.06:1,Hard Shadows,Warm Lighting,Contrast Ratio: 50:1,No Glare
116,Silhouette,Front Light,Key-to-Fill Ratio: 27.06:1,Hard Shadows,Warm Lighting,Contrast Ratio: 50:1,No Glare
117,Silhouette,Front Light,Key-to-Fill Ratio: 26.99:1,Hard Shadows,Warm Lighting,Contrast Ratio: 50:1,No Glare
118,Silhouette,Front Light,Key-to-Fill Ratio: 26.98:1,Hard Shadows,Warm Lighting,Contrast Ratio: 50:1,No Glare
119,Silhouette,Front Light,Key-to-Fill Ratio: 26.92:1,Hard Shadows,Warm Lighting,Contrast Ratio: 50:1,No Glare
120,Silhouette,Front Light,Key-to-Fill Ratio: 27.0:1,Hard Shadows,Warm Lighting,Contrast Ratio: 50:1,No Glare
121,Silhouette,Front Light,Key-to-Fill Ratio: 26.89:1,Hard Shadows,Warm Lighting,Contrast Ratio: 50:1,No Glare
122,Silhouette,Front Light,Key-to-Fill Ratio: 26.94:1,Hard Shadows,Warm Lighting,Contrast Ratio: 50:1,No Glare
123,Silhouette,Front Light,Key-to-Fill Ratio: 26.9:1,Hard Shadows,Warm Lighting,Contrast Ratio: 50:1,No Glare
124,High-Key,Front Light,Key-to-Fill Ratio: 26.88:1,Hard Shadows,Warm Lighting,Contrast Ratio: 50:1,No Glare
125,Silhouette,Front Light,Key-to-Fill Ratio: 26.87:1,Hard Shadows,Warm Lighting,Contrast Ratio: 50:1,No Glare
126,High-Key,Front Light,Key-to-Fill Ratio: 26.88:1,Hard Shadows,Warm Lighting,Contrast Ratio: 50:1,No Glare
127,High-Key,Front Light,Key-to-Fill Ratio: 26.78:1,Hard Shadows,Warm Lighting,Contrast Ratio: 50:1,No Glare
128,High-Key,Front Light,Key-to-Fill Ratio: 26.8:1,Hard Shadows,Warm Lighting,Contrast Ratio: 50:1,No Glare
129,High-Key,Front Light,Key-to-Fill Ratio: 26.77:1,Hard Shadows,Warm Lighting,Contrast Ratio: 50:1,No Glare
130,High-Key,Front Light,Key-to-Fill Ratio: 26.76:1,Hard Shadows,Warm Lighting,Contrast Ratio: 50:1,No Glare
131,High-Key,Front Light,Key-to-Fill Ratio: 26.74:1,Hard Shadows,Warm Lighting,Contrast Ratio: 50:1,No Glare
132,High-Key,Front Light,Key-to-Fill Ratio: 26.76:1,Hard Shadows,Warm Lighting,Contrast Ratio: 50:1,No Glare
133,High-Key,Front Light,Key-to-Fill Ratio: 26.67:1,Hard Shadows,Warm Lighting,Contrast Ratio: 50:1,No Glare
134,High-Key,Front Light,Key-to-Fill Ratio: 26.71:1,Hard Shadows,Warm Lighting,Contrast Ratio: 50:1,No Glare
135,High-Key,Front Light,Key-to-Fill Ratio: 26.7:1,Hard Shadows,Warm Lighting,Contrast Ratio: 50:1,No Glare
136,High-Key,Front Light,Key-to-Fill Ratio: 26.71:1,Hard Shadows,Warm Lighting,Contrast Ratio: 50:1,No Glare
137,High-Key,Front Light,Key-to-Fill Ratio: 26.64:1,Hard Shadows,Warm Lighting,Contrast Ratio: 50:1,No Glare
138,High-Key,Front Light,Key-to-Fill Ratio: 26.67:1,Hard Shadows,Warm Lighting,Contrast Ratio: 50:1,No Glare
139,High-Key,Front Light,Key-to-Fill Ratio: 26.69:1,Hard Shadows,Warm Lighting,Contrast Ratio: 50:1,No Glare
140,High-Key,Front Light,Key-to-Fill Ratio: 26.7:1,Hard Shadows,Warm Lighting,Contrast Ratio: 50:1,No Glare
141,High-Key,Front Light,Key-to-Fill Ratio: 26.63:1,Hard Shadows,Warm Lighting,Contrast Ratio: 50:1,No Glare
142,High-Key,Front Light,Key-to-Fill Ratio: 26.65:1,Hard Shadows,Warm Lighting,Contrast Ratio: 50:1,No Glare
143,High-Key,Front Light,Key-to-Fill Ratio: 26.57:1,Hard Shadows,Warm Lighting,Contrast Ratio: 50:1,No Glare
144,High-Key,Front Light,Key-to-Fill Ratio: 26.61:1,Hard Shadows,Warm Lighting,Contrast Ratio: 50:1,No Glare
145,High-Key,Front Light,Key-to-Fill Ratio: 26.6:1,Hard Shadows,Warm Lighting,Contrast Ratio: 50:1,No Glare
146,High-Key,Front Light,Key-to-Fill Ratio: 26.61:1,Hard Shadows,Warm Lighting,Contrast Ratio: 50:1,No Glare
147,High-Key,Front Light,Key-to-Fill Ratio: 26.59:1,Hard Shadows,Warm Lighting,Contrast Ratio: 50:1,No Glare
148,High-Key,Front Light,Key-to-Fill Ratio: 26.63:1,Hard Shadows,Warm Lighting,Contrast Ratio: 50:1,No Glare
149,High-Key,Front Light,Key-to-Fill Ratio: 26.6:1,Hard Shadows,Warm Lighting,Contrast Ratio: 50:1,No Glare
150,Silhouette,Front Light,Key-to-Fill Ratio: 26.61:1,Hard Shadows,Warm Lighting,Contrast Ratio: 50:1,No Glare
151,Silhouette,Front Light,Key-to-Fill Ratio: 26.58:1,Hard Shadows,Warm Lighting,Contrast Ratio: 50:1,No Glare
152,Silhouette,Front Light,Key-to-Fill Ratio: 26.62:1,Hard Shadows,Warm Lighting,Contrast Ratio: 50:1,No Glare
153,High-Key,Front Light,Key-to-Fill Ratio: 26.6:1,Hard Shadows,Warm Lighting,Contrast Ratio: 50:1,No Glare
154,Silhouette,Front Light,Key-to-Fill Ratio: 26.6:1,Hard Shadows,Warm Lighting,Contrast Ratio: 50:1,No Glare
155,Silhouette,Front Light,Key-to-Fill Ratio: 26.58:1,Hard Shadows,Warm Lighting,Contrast Ratio: 50:1,No Glare
156,Silhouette,Front Light,Key-to-Fill Ratio: 26.61:1,Hard Shadows,Warm Lighting,Contrast Ratio: 50:1,No Glare
157,High-Key,Front Light,Key-to-Fill Ratio: 26.59:1,Hard Shadows,Warm Lighting,Contrast Ratio: 50:1,No Glare
158,High-Key,Front Light,Key-to-Fill Ratio: 26.64:1,Hard Shadows,Warm Lighting,Contrast Ratio: 50:1,No Glare
159,High-Key,Front Light,Key-to-Fill Ratio: 26.58:1,Hard Shadows,Warm Lighting,Contrast Ratio: 50:1,No Glare
160,High-Key,Front Light,Key-to-Fill Ratio: 26.62:1,Hard Shadows,Warm Lighting,Contrast Ratio: 50:1,No Glare
161,High-Key,Front Light,Key-to-Fill Ratio: 26.63:1,Hard Shadows,Warm Lighting,Contrast Ratio: 50:1,No Glare
162,High-Key,Front Light,Key-to-Fill Ratio: 26.68:1,Hard Shadows,Warm Lighting,Contrast Ratio: 50:1,No Glare
163,Silhouette,Front Light,Key-to-Fill Ratio: 26.72:1,Hard Shadows,Warm Lighting,Contrast Ratio: 50:1,No Glare
164,Silhouette,Front Light,Key-to-Fill Ratio: 26.72:1,Hard Shadows,Warm Lighting,Contrast Ratio: 50:1,No Glare
165,High-Key,Front Light,Key-to-Fill Ratio: 26.75:1,Hard Shadows,Warm Lighting,Contrast Ratio: 50:1,No Glare
166,High-Key,Front Light,Key-to-Fill Ratio: 26.78:1,Hard Shadows,Warm Lighting,Contrast Ratio: 50:1,No Glare
167,High-Key,Front Light,Key-to-Fill Ratio: 26.73:1,Hard Shadows,Warm Lighting,Contrast Ratio: 50:1,No Glare
168,High-Key,Front Light,Key-to-Fill Ratio: 26.8:1,Hard Shadows,Warm Lighting,Contrast Ratio: 50:1,No Glare
169,High-Key,Front Light,Key-to-Fill Ratio: 26.81:1,Hard Shadows,Warm Lighting,Contrast Ratio: 50:1,No Glare
170,High-Key,Front Light,Key-to-Fill Ratio: 26.79:1,Hard Shadows,Warm Lighting,Contrast Ratio: 50:1,No Glare
171,High-Key,Front Light,Key-to-Fill Ratio: 26.84:1,Hard Shadows,Warm Lighting,Contrast Ratio: 50:1,No Glare
172,High-Key,Front Light,Key-to-Fill Ratio: 26.84:1,Hard Shadows,Warm Lighting,Contrast Ratio: 50:1,No Glare
173,High-Key,Front Light,Key-to-Fill Ratio: 26.92:1,Hard Shadows,Warm Lighting,Contrast Ratio: 50:1,No Glare
174,High-Key,Front Light,Key-to-Fill Ratio: 26.93:1,Hard Shadows,Warm Lighting,Contrast Ratio: 50:1,No Glare
175,High-Key,Front Light,Key-to-Fill Ratio: 27.0:1,Hard Shadows,Warm Lighting,Contrast Ratio: 50:1,No Glare
176,High-Key,Front Light,Key-to-Fill Ratio: 27.03:1,Hard Shadows,Warm Lighting,Contrast Ratio: 50:1,No Glare
177,High-Key,Front Light,Key-to-Fill Ratio: 27.01:1,Hard Shadows,Warm Lighting,Contrast Ratio: 50:1,No Glare
178,High-Key,Front Light,Key-to-Fill Ratio: 27.06:1,Hard Shadows,Warm Lighting,Contrast Ratio: 50:1,No Glare
179,High-Key,Front Light,Key-to-Fill Ratio: 27.13:1,Hard Shadows,Warm Lighting,Contrast Ratio: 50:1,No Glare
180,Silhouette,Front Light,Key-to-Fill Ratio: 27.64:1,Hard Shadows,Warm Lighting,Contrast Ratio: 50:1,No Glare
181,Silhouette,Front Light,Key-to-Fill Ratio: 27.48:1,Hard Shadows,Warm Lighting,Contrast Ratio: 50:1,No Glare
182,Silhouette,Front Light,Key-to-Fill Ratio: 27.42:1,Hard Shadows,Warm Lighting,Contrast Ratio: 50:1,No Glare
183,Silhouette,Front Light,Key-to-Fill Ratio: 27.43:1,Hard Shadows,Warm Lighting,Contrast Ratio: 50:1,No Glare
184,High-Key,Front Light,Key-to-Fill Ratio: 27.45:1,Hard Shadows,Warm Lighting,Contrast Ratio: 50:1,No Glare
185,High-Key,Front Light,Key-to-Fill Ratio: 27.42:1,Hard Shadows,Warm Lighting,Contrast Ratio: 50:1,No Glare
186,High-Key,Front Light,Key-to-Fill Ratio: 27.46:1,Hard Shadows,Warm Lighting,Contrast Ratio: 50:1,No Glare
187,High-Key,Front Light,Key-to-Fill Ratio: 27.52:1,Hard Shadows,Warm Lighting,Contrast Ratio: 50:1,No Glare
188,High-Key,Front Light,Key-to-Fill Ratio: 27.53:1,Hard Shadows,Warm Lighting,Contrast Ratio: 50:1,No Glare
189,High-Key,Front Light,Key-to-Fill Ratio: 27.55:1,Hard Shadows,Warm Lighting,Contrast Ratio: 50:1,No Glare
190,High-Key,Front Light,Key-to-Fill Ratio: 27.61:1,Hard Shadows,Warm Lighting,Contrast Ratio: 50:1,No Glare
191,High-Key,Front Light,Key-to-Fill Ratio: 27.64:1,Hard Shadows,Warm Lighting,Contrast Ratio: 50:1,No Glare
192,High-Key,Front Light,Key-to-Fill Ratio: 27.65:1,Hard Shadows,Warm Lighting,Contrast Ratio: 50:1,No Glare
193,High-Key,Front Light,Key-to-Fill Ratio: 27.67:1,Hard Shadows,Warm Lighting,Contrast Ratio: 50:1,No Glare
194,High-Key,Front Light,Key-to-Fill Ratio: 27.66:1,Hard Shadows,Warm Lighting,Contrast Ratio: 50:1,No Glare
195,High-Key,Front Light,Key-to-Fill Ratio: 27.71:1,Hard Shadows,Warm Lighting,Contrast Ratio: 50:1,No Glare
196,High-Key,Front Light,Key-to-Fill Ratio: 27.7:1,Hard Shadows,Warm Lighting,Contrast Ratio: 50:1,No Glare
197,High-Key,Front Light,Key-to-Fill Ratio: 27.74:1,Hard Shadows,Warm Lighting,Contrast Ratio: 50:1,No Glare
198,High-Key,Front Light,Key-to-Fill Ratio: 27.82:1,Hard Shadows,Warm Lighting,Contrast Ratio: 50:1,No Glare
199,High-Key,Front Light,Key-to-Fill Ratio: 27.85:1,Hard Shadows,Warm Lighting,Contrast Ratio: 50:1,No Glare
200,High-Key,Front Light,Key-to-Fill Ratio: 27.94:1,Hard Shadows,Warm Lighting,Contrast Ratio: 50:1,No Glare
201,High-Key,Front Light,Key-to-Fill Ratio: 27.93:1,Hard Shadows,Warm Lighting,Contrast Ratio: 50:1,No Glare
202,High-Key,Front Light,Key-to-Fill Ratio: 28.0:1,Hard Shadows,Warm Lighting,Contrast Ratio: 50:1,No Glare
203,High-Key,Front Light,Key-to-Fill Ratio: 28.07:1,Hard Shadows,Warm Lighting,Contrast Ratio: 50:1,No Glare
204,High-Key,Front Light,Key-to-Fill Ratio: 28.03:1,Hard Shadows,Warm Lighting,Contrast Ratio: 50:1,No Glare
205,Silhouette,Front Light,Key-to-Fill Ratio: 28.03:1,Hard Shadows,Warm Lighting,Contrast Ratio: 50:1,No Glare
206,Silhouette,Front Light,Key-to-Fill Ratio: 28.09:1,Hard Shadows,Warm Lighting,Contrast Ratio: 50:1,No Glare
207,High-Key,Front Light,Key-to-Fill Ratio: 28.11:1,Hard Shadows,Warm Lighting,Contrast Ratio: 50:1,No Glare
208,High-Key,Front Light,Key-to-Fill Ratio: 28.13:1,Hard Shadows,Warm Lighting,Contrast Ratio: 50:1,No Glare
209,High-Key,Front Light,Key-to-Fill Ratio: 28.2:1,Hard Shadows,Warm Lighting,Contrast Ratio: 50:1,No Glare
210,High-Key,Front Light,Key-to-Fill Ratio: 28.31:1,Hard Shadows,Warm Lighting,Contrast Ratio: 50:1,No Glare
211,High-Key,Front Light,Key-to-Fill Ratio: 28.28:1,Hard Shadows,Warm Lighting,Contrast Ratio: 50:1,No Glare
212,High-Key,Front Light,Key-to-Fill Ratio: 28.35:1,Hard Shadows,Warm Lighting,Contrast Ratio: 50:1,No Glare
213,High-Key,Front Light,Key-to-Fill Ratio: 28.42:1,Hard Shadows,Warm Lighting,Contrast Ratio: 50:1,No Glare
214,High-Key,Front Light,Key-to-Fill Ratio: 28.48:1,Hard Shadows,Warm Lighting,Contrast Ratio: 50:1,No Glare
215,High-Key,Front Light,Key-to-Fill Ratio: 28.48:1,Hard Shadows,Warm Lighting,Contrast Ratio: 50:1,No Glare
216,High-Key,Front Light,Key-to-Fill Ratio: 28.52:1,Hard Shadows,Warm Lighting,Contrast Ratio: 50:1,No Glare
217,High-Key,Front Light,Key-to-Fill Ratio: 28.54:1,Hard Shadows,Warm Lighting,Contrast Ratio: 50:1,No Glare
218,High-Key,Front Light,Key-to-Fill Ratio: 28.63:1,Hard Shadows,Warm Lighting,Contrast Ratio: 50:1,No Glare
219,High-Key,Front Light,Key-to-Fill Ratio: 28.62:1,Hard Shadows,Warm Lighting,Contrast Ratio: 50:1,No Glare
220,High-Key,Front Light,Key-to-Fill Ratio: 28.71:1,Hard Shadows,Warm Lighting,Contrast Ratio: 50:1,No Glare
221,High-Key,Front Light,Key-to-Fill Ratio: 28.65:1,Hard Shadows,Warm Lighting,Contrast Ratio: 50:1,No Glare
222,High-Key,Front Light,Key-to-Fill Ratio: 28.72:1,Hard Shadows,Warm Lighting,Contrast Ratio: 50:1,No Glare
223,High-Key,Front Light,Key-to-Fill Ratio: 28.67:1,Hard Shadows,Warm Lighting,Contrast Ratio: 50:1,No Glare
224,High-Key,Front Light,Key-to-Fill Ratio: 28.72:1,Hard Shadows,Warm Lighting,Contrast Ratio: 50:1,No Glare
225,High-Key,Front Light,Key-to-Fill Ratio: 28.77:1,Hard Shadows,Warm Lighting,Contrast Ratio: 50:1,No Glare
226,High-Key,Front Light,Key-to-Fill Ratio: 28.83:1,Hard Shadows,Warm Lighting,Contrast Ratio: 50:1,No Glare
227,High-Key,Front Light,Key-to-Fill Ratio: 28.8:1,Hard Shadows,Warm Lighting,Contrast Ratio: 50:1,No Glare
228,High-Key,Front Light,Key-to-Fill Ratio: 28.9:1,Hard Shadows,Warm Lighting,Contrast Ratio: 50:1,No Glare
229,High-Key,Front Light,Key-to-Fill Ratio: 28.9:1,Hard Shadows,Warm Lighting,Contrast Ratio: 50:1,No Glare
230,High-Key,Front Light,Key-to-Fill Ratio: 28.94:1,Hard Shadows,Warm Lighting,Contrast Ratio: 50:1,No Glare
231,High-Key,Front Light,Key-to-Fill Ratio: 29.01:1,Hard Shadows,Warm Lighting,Contrast Ratio: 50:1,No Glare
232,Silhouette,Front Light,Key-to-Fill Ratio: 29.06:1,Hard Shadows,Warm Lighting,Contrast Ratio: 50:1,No Glare
233,High-Key,Front Light,Key-to-Fill Ratio: 29.13:1,Hard Shadows,Warm Lighting,Contrast Ratio: 50:1,No Glare
234,High-Key,Front Light,Key-to-Fill Ratio: 29.19:1,Hard Shadows,Warm Lighting,Contrast Ratio: 50:1,No Glare
235,High-Key,Front Light,Key-to-Fill Ratio: 29.18:1,Hard Shadows,Warm Lighting,Contrast Ratio: 50:1,No Glare
236,High-Key,Front Light,Key-to-Fill Ratio: 29.28:1,Hard Shadows,Warm Lighting,Contrast Ratio: 50:1,No Glare
237,High-Key,Front Light,Key-to-Fill Ratio: 29.28:1,Hard Shadows,Warm Lighting,Contrast Ratio: 50:1,No Glare
238,High-Key,Front Light,Key-to-Fill Ratio: 29.34:1,Hard Shadows,Warm Lighting,Contrast Ratio: 50:1,No Glare
239,High-Key,Front Light,Key-to-Fill Ratio: 29.33:1,Hard Shadows,Warm Lighting,Contrast Ratio: 50:1,No Glare
240,High-Key,Front Light,Key-to-Fill Ratio: 29.56:1,Hard Shadows,Warm Lighting,Contrast Ratio: 50:1,No Glare
241,High-Key,Front Light,Key-to-Fill Ratio: 29.5:1,Hard Shadows,Warm Lighting,Contrast Ratio: 50:1,No Glare
242,High-Key,Front Light,Key-to-Fill Ratio: 29.58:1,Hard Shadows,Warm Lighting,Contrast Ratio: 50:1,No Glare
243,High-Key,Front Light,Key-to-Fill Ratio: 29.57:1,Hard Shadows,Warm Lighting,Contrast Ratio: 50:1,No Glare
244,High-Key,Front Light,Key-to-Fill Ratio: 29.72:1,Hard Shadows,Warm Lighting,Contrast Ratio: 50:1,No Glare
245,High-Key,Front Light,Key-to-Fill Ratio: 29.65:1,Hard Shadows,Warm Lighting,Contrast Ratio: 50:1,No Glare
246,High-Key,Front Light,Key-to-Fill Ratio: 29.73:1,Hard Shadows,Warm Lighting,Contrast Ratio: 50:1,No Glare
247,Silhouette,Front Light,Key-to-Fill Ratio: 29.83:1,Hard Shadows,Warm Lighting,Contrast Ratio: 50:1,No Glare
248,Silhouette,Front Light,Key-to-Fill Ratio: 29.84:1,Hard Shadows,Warm Lighting,Contrast Ratio: 50:1,No Glare
249,Silhouette,Front Light,Key-to-Fill Ratio: 29.9:1,Hard Shadows,Warm Lighting,Contrast Ratio: 50:1,No Glare
250,High-Key,Front Light,Key-to-Fill Ratio: 29.99:1,Hard Shadows,Warm Lighting,Contrast Ratio: 50:1,No Glare
251,High-Key,Front Light,Key-to-Fill Ratio: 30.02:1,Hard Shadows,Warm Lighting,Contrast Ratio: 50:1,No Glare
252,High-Key,Front Light,Key-to-Fill Ratio: 30.06:1,Hard Shadows,Warm Lighting,Contrast Ratio: 50:1,No Glare
253,High-Key,Front Light,Key-to-Fill Ratio: 30.1:1,Hard Shadows,Warm Lighting,Contrast Ratio: 50:1,No Glare
254,High-Key,Front Light,Key-to-Fill Ratio: 30.22:1,Hard Shadows,Warm Lighting,Contrast Ratio: 50:1,No Glare
255,High-Key,Front Light,Key-to-Fill Ratio: 30.23:1,Hard Shadows,Warm Lighting,Contrast Ratio: 50:1,No Glare
256,High-Key,Front Light,Key-to-Fill Ratio: 30.25:1,Hard Shadows,Warm Lighting,Contrast Ratio: 50:1,No Glare
257,High-Key,Front Light,Key-to-Fill Ratio: 30.25:1,Hard Shadows,Warm Lighting,Contrast Ratio: 50:1,No Glare
258,High-Key,Front Light,Key-to-Fill Ratio: 30.22:1,Hard Shadows,Warm Lighting,Contrast Ratio: 50:1,No Glare
259,High-Key,Front Light,Key-to-Fill Ratio: 30.29:1,Hard Shadows,Warm Lighting,Contrast Ratio: 50:1,No Glare
260,High-Key,Front Light,Key-to-Fill Ratio: 30.36:1,Hard Shadows,Warm Lighting,Contrast Ratio: 50:1,No Glare
261,High-Key,Front Light,Key-to-Fill Ratio: 30.31:1,Hard Shadows,Warm Lighting,Contrast Ratio: 50:1,No Glare
262,High-Key,Front Light,Key-to-Fill Ratio: 30.43:1,Hard Shadows,Warm Lighting,Contrast Ratio: 50:1,No Glare
263,High-Key,Front Light,Key-to-Fill Ratio: 30.3:1,Hard Shadows,Warm Lighting,Contrast Ratio: 50:1,No Glare
264,High-Key,Front Light,Key-to-Fill Ratio: 30.36:1,Hard Shadows,Warm Lighting,Contrast Ratio: 50:1,No Glare
265,High-Key,Front Light,Key-to-Fill Ratio: 30.36:1,Hard Shadows,Warm Lighting,Contrast Ratio: 50:1,No Glare
266,High-Key,Front Light,Key-to-Fill Ratio: 30.43:1,Hard Shadows,Warm Lighting,Contrast Ratio: 50:1,No Glare
267,High-Key,Front Light,Key-to-Fill Ratio: 30.43:1,Hard Shadows,Warm Lighting,Contrast Ratio: 50:1,No Glare
268,High-Key,Front Light,Key-to-Fill Ratio: 30.37:1,Hard Shadows,Warm Lighting,Contrast Ratio: 50:1,No Glare
269,High-Key,Front Light,Key-to-Fill Ratio: 30.39:1,Hard Shadows,Warm Lighting,Contrast Ratio: 50:1,No Glare
270,High-Key,Front Light,Key-to-Fill Ratio: 30.85:1,Hard Shadows,Warm Lighting,Contrast Ratio: 50:1,No Glare
271,High-Key,Front Light,Key-to-Fill Ratio: 30.69:1,Hard Shadows,Warm Lighting,Contrast Ratio: 50:1,No Glare
272,High-Key,Front Light,Key-to-Fill Ratio: 30.69:1,Hard Shadows,Warm Lighting,Contrast Ratio: 50:1,No Glare
273,High-Key,Front Light,Key-to-Fill Ratio: 30.62:1,Hard Shadows,Warm Lighting,Contrast Ratio: 50:1,No Glare
274,Silhouette,Front Light,Key-to-Fill Ratio: 30.59:1,Hard Shadows,Warm Lighting,Contrast Ratio: 50:1,No Glare
275,Silhouette,Front Light,Key-to-Fill Ratio: 30.64:1,Hard Shadows,Warm Lighting,Contrast Ratio: 50:1,No Glare
276,High-Key,Front Light,Key-to-Fill Ratio: 30.64:1,Hard Shadows,Warm Lighting,Contrast Ratio: 50:1,No Glare
277,High-Key,Front Light,Key-to-Fill Ratio: 30.62:1,Hard Shadows,Warm Lighting,Contrast Ratio: 50:1,No Glare
278,Silhouette,Front Light,Key-to-Fill Ratio: 30.65:1,Hard Shadows,Warm Lighting,Contrast Ratio: 50:1,No Glare
279,Silhouette,Front Light,Key-to-Fill Ratio: 30.67:1,Hard Shadows,Warm Lighting,Contrast Ratio: 50:1,No Glare
280,High-Key,Front Light,Key-to-Fill Ratio: 30.7:1,Hard Shadows,Warm Lighting,Contrast Ratio: 50:1,No Glare
281,High-Key,Front Light,Key-to-Fill Ratio: 30.68:1,Hard Shadows,Warm Lighting,Contrast Ratio: 50:1,No Glare
282,High-Key,Front Light,Key-to-Fill Ratio: 30.69:1,Hard Shadows,Warm Lighting,Contrast Ratio: 50:1,No Glare
283,High-Key,Front Light,Key-to-Fill Ratio: 30.72:1,Hard Shadows,Warm Lighting,Contrast Ratio: 50:1,No Glare
284,Silhouette,Front Light,Key-to-Fill Ratio: 30.71:1,Hard Shadows,Warm Lighting,Contrast Ratio: 50:1,No Glare
285,High-Key,Front Light,Key-to-Fill Ratio: 30.73:1,Hard Shadows,Warm Lighting,Contrast Ratio: 50:1,No Glare
286,Silhouette,Front Light,Key-to-Fill Ratio: 30.85:1,Hard Shadows,Warm Lighting,Contrast Ratio: 50:1,No Glare
287,Silhouette,Front Light,Key-to-Fill Ratio: 30.85:1,Hard Shadows,Warm Lighting,Contrast Ratio: 50:1,No Glare
288,Silhouette,Front Light,Key-to-Fill Ratio: 30.89:1,Hard Shadows,Warm Lighting,Contrast Ratio: 50:1,No Glare
289,Silhouette,Front Light,Key-to-Fill Ratio: 30.87:1,Hard Shadows,Warm Lighting,Contrast Ratio: 50:1,No Glare
290,High-Key,Front Light,Key-to-Fill Ratio: 30.97:1,Hard Shadows,Warm Lighting,Contrast Ratio: 50:1,No Glare
291,High-Key,Front Light,Key-to-Fill Ratio: 30.92:1,Hard Shadows,Warm Lighting,Contrast Ratio: 50:1,No Glare
292,High-Key,Front Light,Key-to-Fill Ratio: 30.89:1,Hard Shadows,Warm Lighting,Contrast Ratio: 50:1,No Glare
293,High-Key,Front Light,Key-to-Fill Ratio: 30.95:1,Hard Shadows,Warm Lighting,Contrast Ratio: 50:1,No Glare
294,High-Key,Front Light,Key-to-Fill Ratio: 31.01:1,Hard Shadows,Warm Lighting,Contrast Ratio: 50:1,No Glare
295,High-Key,Front Light,Key-to-Fill Ratio: 31.05:1,Hard Shadows,Warm Lighting,Contrast Ratio: 50:1,No Glare
296,High-Key,Front Light,Key-to-Fill Ratio: 31.05:1,Hard Shadows,Warm Lighting,Contrast Ratio: 50:1,No Glare
297,High-Key,Front Light,Key-to-Fill Ratio: 31.09:1,Hard Shadows,Warm Lighting,Contrast Ratio: 50:1,No Glare
298,High-Key,Front Light,Key-to-Fill Ratio: 31.05:1,Hard Shadows,Warm Lighting,Contrast Ratio: 50:1,No Glare
299,High-Key,Front Light,Key-to-Fill Ratio: 31.09:1,Hard Shadows,Warm Lighting,Contrast Ratio: 50:1,No Glare
300,High-Key,Front Light,Key-to-Fill Ratio: 31.16:1,Hard Shadows,Warm Lighting,Contrast Ratio: 50:1,No Glare
301,High-Key,Front Light,Key-to-Fill Ratio: 31.14:1,Hard Shadows,Warm Lighting,Contrast Ratio: 50:1,No Glare
302,High-Key,Front Light,Key-to-Fill Ratio: 31.12:1,Hard Shadows,Warm Lighting,Contrast Ratio: 50:1,No Glare
303,High-Key,Front Light,Key-to-Fill Ratio: 31.07:1,Hard Shadows,Warm Lighting,Contrast Ratio: 50:1,No Glare
304,High-Key,Front Light,Key-to-Fill Ratio: 31.08:1,Hard Shadows,Warm Lighting,Contrast Ratio: 50:1,No Glare
305,High-Key,Front Light,Key-to-Fill Ratio: 31.12:1,Hard Shadows,Warm Lighting,Contrast Ratio: 50:1,No Glare
306,High-Key,Front Light,Key-to-Fill Ratio: 31.1:1,Hard Shadows,Warm Lighting,Contrast Ratio: 50:1,No Glare
307,High-Key,Front Light,Key-to-Fill Ratio: 31.1:1,Hard Shadows,Warm Lighting,Contrast Ratio: 50:1,No Glare
308,High-Key,Front Light,Key-to-Fill Ratio: 31.04:1,Hard Shadows,Warm Lighting,Contrast Ratio: 50:1,No Glare
309,High-Key,Front Light,Key-to-Fill Ratio: 31.0:1,Hard Shadows,Warm Lighting,Contrast Ratio: 50:1,No Glare
310,High-Key,Front Light,Key-to-Fill Ratio: 31.02:1,Hard Shadows,Warm Lighting,Contrast Ratio: 50:1,No Glare
311,High-Key,Front Light,Key-to-Fill Ratio: 31.1:1,Hard Shadows,Warm Lighting,Contrast Ratio: 50:1,No Glare
312,High-Key,Front Light,Key-to-Fill Ratio: 31.08:1,Hard Shadows,Warm Lighting,Contrast Ratio: 50:1,No Glare
313,High-Key,Front Light,Key-to-Fill Ratio: 31.02:1,Hard Shadows,Warm Lighting,Contrast Ratio: 50:1,No Glare
314,High-Key,Front Light,Key-to-Fill Ratio: 31.04:1,Hard Shadows,Warm Lighting,Contrast Ratio: 50:1,No Glare
315,High-Key,Front Light,Key-to-Fill Ratio: 31.06:1,Hard Shadows,Warm Lighting,Contrast Ratio: 50:1,No Glare
316,High-Key,Front Light,Key-to-Fill Ratio: 31.03:1,Hard Shadows,Warm Lighting,Contrast Ratio: 50:1,No Glare
317,High-Key,Front Light,Key-to-Fill Ratio: 31.02:1,Hard Shadows,Warm Lighting,Contrast Ratio: 50:1,No Glare
318,High-Key,Front Light,Key-to-Fill Ratio: 30.97:1,Hard Shadows,Warm Lighting,Contrast Ratio: 50:1,No Glare
319,High-Key,Front Light,Key-to-Fill Ratio: 30.94:1,Hard Shadows,Warm Lighting,Contrast Ratio: 50:1,No Glare
320,High-Key,Front Light,Key-to-Fill Ratio: 30.97:1,Hard Shadows,Warm Lighting,Contrast Ratio: 50:1,No Glare
321,High-Key,Front Light,Key-to-Fill Ratio: 30.95:1,Hard Shadows,Warm Lighting,Contrast Ratio: 50:1,No Glare
322,High-Key,Front Light,Key-to-Fill Ratio: 30.93:1,Hard Shadows,Warm Lighting,Contrast Ratio: 50:1,No Glare
323,High-Key,Front Light,Key-to-Fill Ratio: 30.9:1,Hard Shadows,Warm Lighting,Contrast Ratio: 50:1,No Glare
324,High-Key,Front Light,Key-to-Fill Ratio: 30.97:1,Hard Shadows,Warm Lighting,Contrast Ratio: 50:1,No Glare
325,High-Key,Front Light,Key-to-Fill Ratio: 30.91:1,Hard Shadows,Warm Lighting,Contrast Ratio: 50:1,No Glare
326,High-Key,Front Light,Key-to-Fill Ratio: 30.94:1,Hard Shadows,Warm Lighting,Contrast Ratio: 50:1,No Glare
327,High-Key,Front Light,Key-to-Fill Ratio: 30.99:1,Hard Shadows,Warm Lighting,Contrast Ratio: 50:1,No Glare
328,High-Key,Front Light,Key-to-Fill Ratio: 31.01:1,Hard Shadows,Warm Lighting,Contrast Ratio: 50:1,No Glare
329,High-Key,Front Light,Key-to-Fill Ratio: 30.99:1,Hard Shadows,Warm Lighting,Contrast Ratio: 50:1,No Glare
330,High-Key,Front Light,Key-to-Fill Ratio: 31.03:1,Hard Shadows,Warm Lighting,Contrast Ratio: 50:1,No Glare
331,High-Key,Front Light,Key-to-Fill Ratio: 31.02:1,Hard Shadows,Warm Lighting,Contrast Ratio: 50:1,No Glare
332,High-Key,Front Light,Key-to-Fill Ratio: 31.09:1,Hard Shadows,Warm Lighting,Contrast Ratio: 50:1,No Glare
333,High-Key,Front Light,Key-to-Fill Ratio: 31.08:1,Hard Shadows,Warm Lighting,Contrast Ratio: 50:1,No Glare
334,High-Key,Front Light,Key-to-Fill Ratio: 31.13:1,Hard Shadows,Warm Lighting,Contrast Ratio: 50:1,No Glare
335,High-Key,Front Light,Key-to-Fill Ratio: 31.09:1,Hard Shadows,Warm Lighting,Contrast Ratio: 50:1,No Glare
336,High-Key,Front Light,Key-to-Fill Ratio: 31.09:1,Hard Shadows,Warm Lighting,Contrast Ratio: 50:1,No Glare
337,High-Key,Front Light,Key-to-Fill Ratio: 31.14:1,Hard Shadows,Warm Lighting,Contrast Ratio: 50:1,No Glare
338,High-Key,Front Light,Key-to-Fill Ratio: 31.17:1,Hard Shadows,Warm Lighting,Contrast Ratio: 50:1,No Glare
339,High-Key,Front Light,Key-to-Fill Ratio: 31.17:1,Hard Shadows,Warm Lighting,Contrast Ratio: 50:1,No Glare
340,Silhouette,Front Light,Key-to-Fill Ratio: 31.2:1,Hard Shadows,Warm Lighting,Contrast Ratio: 50:1,No Glare
341,Low-Key,Front Light,Key-to-Fill Ratio: 31.16:1,Hard Shadows,Warm Lighting,Contrast Ratio: 50:1,No Glare
342,Silhouette,Front Light,Key-to-Fill Ratio: 31.17:1,Hard Shadows,Warm Lighting,Contrast Ratio: 50:1,No Glare
343,Silhouette,Front Light,Key-to-Fill Ratio: 31.22:1,Hard Shadows,Warm Lighting,Contrast Ratio: 50:1,No Glare
344,Silhouette,Front Light,Key-to-Fill Ratio: 31.21:1,Hard Shadows,Warm Lighting,Contrast Ratio: 50:1,No Glare
345,Silhouette,Front Light,Key-to-Fill Ratio: 31.17:1,Hard Shadows,Warm Lighting,Contrast Ratio: 50:1,No Glare
346,Silhouette,Front Light,Key-to-Fill Ratio: 31.22:1,Hard Shadows,Warm Lighting,Contrast Ratio: 50:1,No Glare
347,High-Key,Front Light,Key-to-Fill Ratio: 31.17:1,Hard Shadows,Warm Lighting,Contrast Ratio: 50:1,No Glare
348,High-Key,Front Light,Key-to-Fill Ratio: 31.12:1,Hard Shadows,Warm Lighting,Contrast Ratio: 50:1,No Glare
349,Low-Key,Front Light,Key-to-Fill Ratio: 31.13:1,Hard Shadows,Warm Lighting,Contrast Ratio: 50:1,No Glare
350,Silhouette,Front Light,Key-to-Fill Ratio: 31.13:1,Hard Shadows,Warm Lighting,Contrast Ratio: 50:1,No Glare
351,High-Key,Front Light,Key-to-Fill Ratio: 31.08:1,Hard Shadows,Warm Lighting,Contrast Ratio: 50:1,No Glare
352,High-Key,Front Light,Key-to-Fill Ratio: 31.13:1,Hard Shadows,Warm Lighting,Contrast Ratio: 50:1,No Glare
353,High-Key,Front Light,Key-to-Fill Ratio: 31.08:1,Hard Shadows,Warm Lighting,Contrast Ratio: 50:1,No Glare
354,High-Key,Front Light,Key-to-Fill Ratio: 31.09:1,Hard Shadows,Warm Lighting,Contrast Ratio: 50:1,No Glare
355,High-Key,Front Light,Key-to-Fill Ratio: 31.05:1,Hard Shadows,Warm Lighting,Contrast Ratio: 50:1,No Glare
356,High-Key,Front Light,Key-to-Fill Ratio: 31.07:1,Hard Shadows,Warm Lighting,Contrast Ratio: 50:1,No Glare
357,High-Key,Front Light,Key-to-Fill Ratio: 31.01:1,Hard Shadows,Warm Lighting,Contrast Ratio: 50:1,No Glare
358,High-Key,Front Light,Key-to-Fill Ratio: 31.07:1,Hard Shadows,Warm Lighting,Contrast Ratio: 50:1,No Glare
359,High-Key,Front Light,Key-to-Fill Ratio: 31.03:1,Hard Shadows,Warm Lighting,Contrast Ratio: 50:1,No Glare
360,High-Key,Front Light,Key-to-Fill Ratio: 31.6:1,Hard Shadows,Warm Lighting,Contrast Ratio: 50:1,No Glare
361,High-Key,Front Light,Key-to-Fill Ratio: 31.36:1,Hard Shadows,Warm Lighting,Contrast Ratio: 50:1,No Glare
362,High-Key,Front Light,Key-to-Fill Ratio: 31.32:1,Hard Shadows,Warm Lighting,Contrast Ratio: 50:1,No Glare
363,Silhouette,Front Light,Key-to-Fill Ratio: 31.26:1,Hard Shadows,Warm Lighting,Contrast Ratio: 50:1,No Glare
364,Silhouette,Front Light,Key-to-Fill Ratio: 31.24:1,Hard Shadows,Warm Lighting,Contrast Ratio: 50:1,No Glare
365,Silhouette,Front Light,Key-to-Fill Ratio: 31.16:1,Hard Shadows,Warm Lighting,Contrast Ratio: 50:1,No Glare
366,Silhouette,Front Light,Key-to-Fill Ratio: 31.17:1,Hard Shadows,Warm Lighting,Contrast Ratio: 50:1,No Glare
367,Silhouette,Front Light,Key-to-Fill Ratio: 31.1:1,Hard Shadows,Warm Lighting,Contrast Ratio: 50:1,No Glare
368,High-Key,Front Light,Key-to-Fill Ratio: 31.2:1,Hard Shadows,Warm Lighting,Contrast Ratio: 50:1,No Glare
369,High-Key,Front Light,Key-to-Fill Ratio: 31.15:1,Hard Shadows,Warm Lighting,Contrast Ratio: 50:1,No Glare
370,High-Key,Front Light,Key-to-Fill Ratio: 31.09:1,Hard Shadows,Warm Lighting,Contrast Ratio: 50:1,No Glare
371,High-Key,Front Light,Key-to-Fill Ratio: 31.04:1,Hard Shadows,Warm Lighting,Contrast Ratio: 50:1,No Glare
372,Silhouette,Front Light,Key-to-Fill Ratio: 31.07:1,Hard Shadows,Warm Lighting,Contrast Ratio: 50:1,No Glare
373,Silhouette,Front Light,Key-to-Fill Ratio: 31.07:1,Hard Shadows,Warm Lighting,Contrast Ratio: 50:1,No Glare
374,High-Key,Front Light,Key-to-Fill Ratio: 31.12:1,Hard Shadows,Warm Lighting,Contrast Ratio: 50:1,No Glare
375,High-Key,Front Light,Key-to-Fill Ratio: 31.11:1,Hard Shadows,Warm Lighting,Contrast Ratio: 50:1,No Glare
376,High-Key,Front Light,Key-to-Fill Ratio: 31.15:1,Hard Shadows,Warm Lighting,Contrast Ratio: 50:1,No Glare
377,High-Key,Front Light,Key-to-Fill Ratio: 31.09:1,Hard Shadows,Warm Lighting,Contrast Ratio: 50:1,No Glare
378,High-Key,Front Light,Key-to-Fill Ratio: 31.17:1,Hard Shadows,Warm Lighting,Contrast Ratio: 50:1,No Glare
379,High-Key,Front Light,Key-to-Fill Ratio: 31.12:1,Hard Shadows,Warm Lighting,Contrast Ratio: 50:1,No Glare
380,High-Key,Front Light,Key-to-Fill Ratio: 31.17:1,Hard Shadows,Warm Lighting,Contrast Ratio: 50:1,No Glare
381,High-Key,Front Light,Key-to-Fill Ratio: 31.11:1,Hard Shadows,Warm Lighting,Contrast Ratio: 50:1,No Glare
382,Silhouette,Front Light,Key-to-Fill Ratio: 31.16:1,Hard Shadows,Warm Lighting,Contrast Ratio: 50:1,No Glare
383,Silhouette,Front Light,Key-to-Fill Ratio: 31.13:1,Hard Shadows,Warm Lighting,Contrast Ratio: 50:1,No Glare
384,High-Key,Front Light,Key-to-Fill Ratio: 31.14:1,Hard Shadows,Warm Lighting,Contrast Ratio: 50:1,No Glare
385,Silhouette,Front Light,Key-to-Fill Ratio: 31.19:1,Hard Shadows,Warm Lighting,Contrast Ratio: 50:1,No Glare
386,High-Key,Front Light,Key-to-Fill Ratio: 31.18:1,Hard Shadows,Warm Lighting,Contrast Ratio: 50:1,No Glare
387,Low-Key,Front Light,Key-to-Fill Ratio: 31.16:1,Hard Shadows,Warm Lighting,Contrast Ratio: 50:1,No Glare
388,High-Key,Front Light,Key-to-Fill Ratio: 31.22:1,Hard Shadows,Warm Lighting,Contrast Ratio: 50:1,No Glare
389,Low-Key,Front Light,Key-to-Fill Ratio: 31.11:1,Hard Shadows,Warm Lighting,Contrast Ratio: 50:1,No Glare
390,Low-Key,Front Light,Key-to-Fill Ratio: 31.26:1,Hard Shadows,Warm Lighting,Contrast Ratio: 50:1,No Glare
391,Low-Key,Front Light,Key-to-Fill Ratio: 31.23:1,Hard Shadows,Warm Lighting,Contrast Ratio: 50:1,No Glare
392,Low-Key,Front Light,Key-to-Fill Ratio: 31.23:1,Hard Shadows,Warm Lighting,Contrast Ratio: 50:1,No Glare
393,Low-Key,Front Light,Key-to-Fill Ratio: 31.23:1,Hard Shadows,Warm Lighting,Contrast Ratio: 50:1,No Glare
394,Low-Key,Front Light,Key-to-Fill Ratio: 31.3:1,Hard Shadows,Warm Lighting,Contrast Ratio: 50:1,No Glare
395,High-Key,Front Light,Key-to-Fill Ratio: 31.26:1,Hard Shadows,Warm Lighting,Contrast Ratio: 50:1,No Glare
396,High-Key,Front Light,Key-to-Fill Ratio: 31.29:1,Hard Shadows,Warm Lighting,Contrast Ratio: 50:1,No Glare
397,High-Key,Front Light,Key-to-Fill Ratio: 31.31:1,Hard Shadows,Warm Lighting,Contrast Ratio: 50:1,No Glare
398,High-Key,Front Light,Key-to-Fill Ratio: 31.34:1,Hard Shadows,Warm Lighting,Contrast Ratio: 50:1,No Glare
399,High-Key,Front Light,Key-to-Fill Ratio: 31.29:1,Hard Shadows,Warm Lighting,Contrast Ratio: 50:1,No Glare
400,Low-Key,Front Light,Key-to-Fill Ratio: 31.37:1,Hard Shadows,Warm Lighting,Contrast Ratio: 50:1,No Glare
401,High-Key,Front Light,Key-to-Fill Ratio: 31.38:1,Hard Shadows,Warm Lighting,Contrast Ratio: 50:1,No Glare
402,High-Key,Front Light,Key-to-Fill Ratio: 31.41:1,Hard Shadows,Warm Lighting,Contrast Ratio: 50:1,No Glare
403,High-Key,Front Light,Key-to-Fill Ratio: 31.4:1,Hard Shadows,Warm Lighting,Contrast Ratio: 50:1,No Glare
404,High-Key,Front Light,Key-to-Fill Ratio: 31.46:1,Hard Shadows,Warm Lighting,Contrast Ratio: 50:1,No Glare
405,High-Key,Front Light,Key-to-Fill Ratio: 31.5:1,Hard Shadows,Warm Lighting,Contrast Ratio: 50:1,No Glare
406,High-Key,Front Light,Key-to-Fill Ratio: 31.53:1,Hard Shadows,Warm Lighting,Contrast Ratio: 50:1,No Glare
407,High-Key,Front Light,Key-to-Fill Ratio: 31.51:1,Hard Shadows,Warm Lighting,Contrast Ratio: 50:1,No Glare
408,High-Key,Front Light,Key-to-Fill Ratio: 31.56:1,Hard Shadows,Warm Lighting,Contrast Ratio: 50:1,No Glare
409,Low-Key,Front Light,Key-to-Fill Ratio: 31.53:1,Hard Shadows,Warm Lighting,Contrast Ratio: 50:1,No Glare
410,Low-Key,Front Light,Key-to-Fill Ratio: 31.67:1,Hard Shadows,Warm Lighting,Contrast Ratio: 50:1,No Glare
411,Low-Key,Front Light,Key-to-Fill Ratio: 31.61:1,Hard Shadows,Warm Lighting,Contrast Ratio: 50:1,No Glare
412,Low-Key,Front Light,Key-to-Fill Ratio: 31.7:1,Hard Shadows,Warm Lighting,Contrast Ratio: 50:1,No Glare
413,Low-Key,Front Light,Key-to-Fill Ratio: 31.63:1,Hard Shadows,Warm Lighting,Contrast Ratio: 50:1,No Glare
414,Low-Key,Front Light,Key-to-Fill Ratio: 31.68:1,Hard Shadows,Warm Lighting,Contrast Ratio: 50:1,No Glare
415,Low-Key,Front Light,Key-to-Fill Ratio: 31.69:1,Hard Shadows,Warm Lighting,Contrast Ratio: 50:1,No Glare
416,Low-Key,Front Light,Key-to-Fill Ratio: 31.72:1,Hard Shadows,Warm Lighting,Contrast Ratio: 50:1,No Glare
417,High-Key,Front Light,Key-to-Fill Ratio: 31.76:1,Hard Shadows,Warm Lighting,Contrast Ratio: 50:1,No Glare
418,Low-Key,Front Light,Key-to-Fill Ratio: 31.81:1,Hard Shadows,Warm Lighting,Contrast Ratio: 50:1,No Glare
419,High-Key,Front Light,Key-to-Fill Ratio: 31.74:1,Hard Shadows,Warm Lighting,Contrast Ratio: 50:1,No Glare
420,High-Key,Front Light,Key-to-Fill Ratio: 31.94:1,Hard Shadows,Warm Lighting,Contrast Ratio: 50:1,No Glare
421,High-Key,Front Light,Key-to-Fill Ratio: 31.83:1,Hard Shadows,Warm Lighting,Contrast Ratio: 50:1,No Glare
422,High-Key,Front Light,Key-to-Fill Ratio: 31.9:1,Hard Shadows,Warm Lighting,Contrast Ratio: 50:1,No Glare
423,Low-Key,Front Light,Key-to-Fill Ratio: 31.84:1,Hard Shadows,Warm Lighting,Contrast Ratio: 50:1,No Glare
424,High-Key,Front Light,Key-to-Fill Ratio: 31.93:1,Hard Shadows,Warm Lighting,Contrast Ratio: 50:1,No Glare
425,High-Key,Front Light,Key-to-Fill Ratio: 31.96:1,Hard Shadows,Warm Lighting,Contrast Ratio: 50:1,No Glare
426,High-Key,Front Light,Key-to-Fill Ratio: 31.94:1,Hard Shadows,Warm Lighting,Contrast Ratio: 50:1,No Glare
427,High-Key,Front Light,Key-to-Fill Ratio: 31.97:1,Hard Shadows,Warm Lighting,Contrast Ratio: 50:1,No Glare
428,High-Key,Front Light,Key-to-Fill Ratio: 31.99:1,Hard Shadows,Warm Lighting,Contrast Ratio: 50:1,No Glare
429,High-Key,Front Light,Key-to-Fill Ratio: 32.03:1,Hard Shadows,Warm Lighting,Contrast Ratio: 50:1,No Glare
430,High-Key,Front Light,Key-to-Fill Ratio: 32.03:1,Hard Shadows,Warm Lighting,Contrast Ratio: 50:1,No Glare
431,High-Key,Front Light,Key-to-Fill Ratio: 31.99:1,Hard Shadows,Warm Lighting,Contrast Ratio: 50:1,No Glare
432,High-Key,Front Light,Key-to-Fill Ratio: 32.09:1,Hard Shadows,Warm Lighting,Contrast Ratio: 50:1,No Glare
433,High-Key,Front Light,Key-to-Fill Ratio: 32.09:1,Hard Shadows,Warm Lighting,Contrast Ratio: 50:1,No Glare
434,High-Key,Front Light,Key-to-Fill Ratio: 32.12:1,Hard Shadows,Warm Lighting,Contrast Ratio: 50:1,No Glare
435,High-Key,Front Light,Key-to-Fill Ratio: 32.12:1,Hard Shadows,Warm Lighting,Contrast Ratio: 50:1,No Glare
436,High-Key,Front Light,Key-to-Fill Ratio: 32.2:1,Hard Shadows,Warm Lighting,Contrast Ratio: 50:1,No Glare
437,High-Key,Front Light,Key-to-Fill Ratio: 32.15:1,Hard Shadows,Warm Lighting,Contrast Ratio: 50:1,No Glare
438,High-Key,Front Light,Key-to-Fill Ratio: 32.23:1,Hard Shadows,Warm Lighting,Contrast Ratio: 50:1,No Glare
439,High-Key,Front Light,Key-to-Fill Ratio: 32.23:1,Hard Shadows,Warm Lighting,Contrast Ratio: 50:1,No Glare
440,High-Key,Front Light,Key-to-Fill Ratio: 32.33:1,Hard Shadows,Warm Lighting,Contrast Ratio: 50:1,No Glare
441,High-Key,Front Light,Key-to-Fill Ratio: 32.28:1,Hard Shadows,Warm Lighting,Contrast Ratio: 50:1,No Glare
442,High-Key,Front Light,Key-to-Fill Ratio: 32.35:1,Hard Shadows,Warm Lighting,Contrast Ratio: 50:1,No Glare
443,High-Key,Front Light,Key-to-Fill Ratio: 32.37:1,Hard Shadows,Warm Lighting,Contrast Ratio: 50:1,No Glare
444,High-Key,Front Light,Key-to-Fill Ratio: 32.38:1,Hard Shadows,Warm Lighting,Contrast Ratio: 50:1,No Glare
445,High-Key,Front Light,Key-to-Fill Ratio: 32.37:1,Hard Shadows,Warm Lighting,Contrast Ratio: 50:1,No Glare
446,High-Key,Front Light,Key-to-Fill Ratio: 32.39:1,Hard Shadows,Warm Lighting,Contrast Ratio: 50:1,No Glare
447,High-Key,Front Light,Key-to-Fill Ratio: 32.46:1,Hard Shadows,Warm Lighting,Contrast Ratio: 50:1,No Glare
448,High-Key,Front Light,Key-to-Fill Ratio: 32.57:1,Hard Shadows,Warm Lighting,Contrast Ratio: 50:1,No Glare
449,High-Key,Front Light,Key-to-Fill Ratio: 32.56:1,Hard Shadows,Warm Lighting,Contrast Ratio: 50:1,No Glare
450,High-Key,Front Light,Key-to-Fill Ratio: 32.97:1,Hard Shadows,Warm Lighting,Contrast Ratio: 50:1,No Glare
451,High-Key,Front Light,Key-to-Fill Ratio: 32.78:1,Hard Shadows,Warm Lighting,Contrast Ratio: 50:1,No Glare
452,High-Key,Front Light,Key-to-Fill Ratio: 32.82:1,Hard Shadows,Warm Lighting,Contrast Ratio: 50:1,No Glare
453,High-Key,Front Light,Key-to-Fill Ratio: 32.82:1,Hard Shadows,Warm Lighting,Contrast Ratio: 50:1,No Glare
454,High-Key,Front Light,Key-to-Fill Ratio: 32.81:1,Hard Shadows,Warm Lighting,Contrast Ratio: 50:1,No Glare
455,High-Key,Front Light,Key-to-Fill Ratio: 32.8:1,Hard Shadows,Warm Lighting,Contrast Ratio: 50:1,No Glare
456,High-Key,Front Light,Key-to-Fill Ratio: 32.9:1,Hard Shadows,Warm Lighting,Contrast Ratio: 50:1,No Glare
457,High-Key,Front Light,Key-to-Fill Ratio: 32.85:1,Hard Shadows,Warm Lighting,Contrast Ratio: 50:1,No Glare
458,High-Key,Front Light,Key-to-Fill Ratio: 32.91:1,Hard Shadows,Warm Lighting,Contrast Ratio: 50:1,No Glare
459,High-Key,Front Light,Key-to-Fill Ratio: 32.96:1,Hard Shadows,Warm Lighting,Contrast Ratio: 50:1,No Glare
460,High-Key,Front Light,Key-to-Fill Ratio: 32.9:1,Hard Shadows,Warm Lighting,Contrast Ratio: 50:1,No Glare
461,High-Key,Front Light,Key-to-Fill Ratio: 32.97:1,Hard Shadows,Warm Lighting,Contrast Ratio: 50:1,No Glare
462,High-Key,Front Light,Key-to-Fill Ratio: 33.13:1,Hard Shadows,Warm Lighting,Contrast Ratio: 50:1,No Glare
463,High-Key,Front Light,Key-to-Fill Ratio: 33.15:1,Hard Shadows,Warm Lighting,Contrast Ratio: 50:1,No Glare
464,High-Key,Front Light,Key-to-Fill Ratio: 33.14:1,Hard Shadows,Warm Lighting,Contrast Ratio: 50:1,No Glare
465,Silhouette,Front Light,Key-to-Fill Ratio: 33.2:1,Hard Shadows,Warm Lighting,Contrast Ratio: 50:1,No Glare
466,Silhouette,Front Light,Key-to-Fill Ratio: 33.3:1,Hard Shadows,Warm Lighting,Contrast Ratio: 50:1,No Glare
467,Silhouette,Front Light,Key-to-Fill Ratio: 33.27:1,Hard Shadows,Warm Lighting,Contrast Ratio: 50:1,No Glare
468,Silhouette,Front Light,Key-to-Fill Ratio: 33.41:1,Hard Shadows,Warm Lighting,Contrast Ratio: 50:1,No Glare
469,Silhouette,Front Light,Key-to-Fill Ratio: 33.38:1,Hard Shadows,Warm Lighting,Contrast Ratio: 50:1,No Glare
470,Silhouette,Front Light,Key-to-Fill Ratio: 33.43:1,Hard Shadows,Warm Lighting,Contrast Ratio: 50:1,No Glare
471,Silhouette,Front Light,Key-to-Fill Ratio: 33.45:1,Hard Shadows,Warm Lighting,Contrast Ratio: 50:1,No Glare
472,Silhouette,Front Light,Key-to-Fill Ratio: 33.54:1,Hard Shadows,Warm Lighting,Contrast Ratio: 50:1,No Glare
473,High-Key,Front Light,Key-to-Fill Ratio: 33.58:1,Hard Shadows,Warm Lighting,Contrast Ratio: 50:1,No Glare
474,High-Key,Front Light,Key-to-Fill Ratio: 33.6:1,Hard Shadows,Warm Lighting,Contrast Ratio: 50:1,No Glare
475,Chiaroscuro,Front Light,Key-to-Fill Ratio: 33.64:1,Hard Shadows,Warm Lighting,Contrast Ratio: 50:1,No Glare
476,Chiaroscuro,Front Light,Key-to-Fill Ratio: 33.67:1,Hard Shadows,Warm Lighting,Contrast Ratio: 50:1,No Glare
477,Chiaroscuro,Front Light,Key-to-Fill Ratio: 33.74:1,Hard Shadows,Warm Lighting,Contrast Ratio: 50:1,No Glare
478,Silhouette,Front Light,Key-to-Fill Ratio: 33.78:1,Hard Shadows,Warm Lighting,Contrast Ratio: 50:1,No Glare
479,High-Key,Front Light,Key-to-Fill Ratio: 33.83:1,Hard Shadows,Warm Lighting,Contrast Ratio: 50:1,No Glare
480,Chiaroscuro,Front Light,Key-to-Fill Ratio: 33.99:1,Hard Shadows,Warm Lighting,Contrast Ratio: 50:1,No Glare
481,Chiaroscuro,Front Light,Key-to-Fill Ratio: 34.04:1,Hard Shadows,Warm Lighting,Contrast Ratio: 50:1,No Glare
482,High-Key,Front Light,Key-to-Fill Ratio: 33.98:1,Hard Shadows,Warm Lighting,Contrast Ratio: 50:1,No Glare
483,Chiaroscuro,Front Light,Key-to-Fill Ratio: 34.05:1,Hard Shadows,Warm Lighting,Contrast Ratio: 50:1,No Glare
484,Chiaroscuro,Front Light,Key-to-Fill Ratio: 34.12:1,Hard Shadows,Warm Lighting,Contrast Ratio: 50:1,No Glare
485,Chiaroscuro,Front Light,Key-to-Fill Ratio: 34.15:1,Hard Shadows,Warm Lighting,Contrast Ratio: 50:1,No Glare
486,Chiaroscuro,Front Light,Key-to-Fill Ratio: 34.13:1,Hard Shadows,Warm Lighting,Contrast Ratio: 50:1,No Glare
487,Chiaroscuro,Front Light,Key-to-Fill Ratio: 34.24:1,Hard Shadows,Warm Lighting,Contrast Ratio: 50:1,No Glare
488,Chiaroscuro,Front Light,Key-to-Fill Ratio: 34.28:1,Hard Shadows,Warm Lighting,Contrast Ratio: 50:1,No Glare
489,High-Key,Front Light,Key-to-Fill Ratio: 34.32:1,Hard Shadows,Warm Lighting,Contrast Ratio: 50:1,No Glare
490,High-Key,Front Light,Key-to-Fill Ratio: 34.38:1,Hard Shadows,Warm Lighting,Contrast Ratio: 50:1,No Glare
491,High-Key,Front Light,Key-to-Fill Ratio: 34.39:1,Hard Shadows,Warm Lighting,Contrast Ratio: 50:1,No Glare
492,Silhouette,Front Light,Key-to-Fill Ratio: 34.45:1,Hard Shadows,Warm Lighting,Contrast Ratio: 50:1,No Glare
493,Silhouette,Front Light,Key-to-Fill Ratio: 34.44:1,Hard Shadows,Warm Lighting,Contrast Ratio: 50:1,No Glare
494,High-Key,Front Light,Key-to-Fill Ratio: 34.52:1,Hard Shadows,Warm Lighting,Contrast Ratio: 50:1,No Glare
495,High-Key,Front Light,Key-to-Fill Ratio: 34.5:1,Hard Shadows,Warm Lighting,Contrast Ratio: 50:1,No Glare
496,High-Key,Front Light,Key-to-Fill Ratio: 34.64:1,Hard Shadows,Warm Lighting,Contrast Ratio: 50:1,No Glare
497,Silhouette,Front Light,Key-to-Fill Ratio: 34.59:1,Hard Shadows,Warm Lighting,Contrast Ratio: 50:1,No Glare
498,High-Key,Front Light,Key-to-Fill Ratio: 34.66:1,Hard Shadows,Warm Lighting,Contrast Ratio: 50:1,No Glare
499,Silhouette,Front Light,Key-to-Fill Ratio: 34.62:1,Hard Shadows,Warm Lighting,Contrast Ratio: 50:1,No Glare
500,High-Key,Front Light,Key-to-Fill Ratio: 34.75:1,Hard Shadows,Warm Lighting,Contrast Ratio: 50:1,No Glare
501,Silhouette,Front Light,Key-to-Fill Ratio: 34.69:1,Hard Shadows,Warm Lighting,Contrast Ratio: 50:1,No Glare
502,Silhouette,Front Light,Key-to-Fill Ratio: 34.72:1,Hard Shadows,Warm Lighting,Contrast Ratio: 50:1,No Glare
503,Silhouette,Front Light,Key-to-Fill Ratio: 34.81:1,Hard Shadows,Warm Lighting,Contrast Ratio: 50:1,No Glare
504,Silhouette,Front Light,Key-to-Fill Ratio: 34.87:1,Hard Shadows,Warm Lighting,Contrast Ratio: 50:1,No Glare
505,High-Key,Front Light,Key-to-Fill Ratio: 34.85:1,Hard Shadows,Warm Lighting,Contrast Ratio: 50:1,No Glare
506,High-Key,Front Light,Key-to-Fill Ratio: 34.95:1,Hard Shadows,Warm Lighting,Contrast Ratio: 50:1,No Glare
507,High-Key,Front Light,Key-to-Fill Ratio: 34.96:1,Hard Shadows,Warm Lighting,Contrast Ratio: 50:1,No Glare
508,High-Key,Front Light,Key-to-Fill Ratio: 35.11:1,Hard Shadows,Warm Lighting,Contrast Ratio: 50:1,No Glare
509,High-Key,Front Light,Key-to-Fill Ratio: 35.06:1,Hard Shadows,Warm Lighting,Contrast Ratio: 50:1,No Glare
510,Silhouette,Front Light,Key-to-Fill Ratio: 35.18:1,Hard Shadows,Warm Lighting,Contrast Ratio: 50:1,No Glare
511,Silhouette,Front Light,Key-to-Fill Ratio: 35.13:1,Hard Shadows,Warm Lighting,Contrast Ratio: 50:1,No Glare
512,High-Key,Front Light,Key-to-Fill Ratio: 35.2:1,Hard Shadows,Warm Lighting,Contrast Ratio: 50:1,No Glare
513,Silhouette,Front Light,Key-to-Fill Ratio: 35.23:1,Hard Shadows,Warm Lighting,Contrast Ratio: 50:1,No Glare
514,Silhouette,Front Light,Key-to-Fill Ratio: 35.31:1,Hard Shadows,Warm Lighting,Contrast Ratio: 50:1,No Glare
515,Silhouette,Front Light,Key-to-Fill Ratio: 35.38:1,Hard Shadows,Warm Lighting,Contrast Ratio: 50:1,No Glare
516,High-Key,Front Light,Key-to-Fill Ratio: 35.44:1,Hard Shadows,Warm Lighting,Contrast Ratio: 50:1,No Glare
517,High-Key,Front Light,Key-to-Fill Ratio: 35.52:1,Hard Shadows,Warm Lighting,Contrast Ratio: 50:1,No Glare
518,High-Key,Front Light,Key-to-Fill Ratio: 35.65:1,Hard Shadows,Warm Lighting,Contrast Ratio: 50:1,No Glare
519,High-Key,Front Light,Key-to-Fill Ratio: 35.59:1,Hard Shadows,Warm Lighting,Contrast Ratio: 50:1,No Glare
520,High-Key,Front Light,Key-to-Fill Ratio: 35.76:1,Hard Shadows,Warm Lighting,Contrast Ratio: 50:1,No Glare
521,High-Key,Front Light,Key-to-Fill Ratio: 35.79:1,Hard Shadows,Warm Lighting,Contrast Ratio: 50:1,No Glare
522,Silhouette,Front Light,Key-to-Fill Ratio: 35.82:1,Hard Shadows,Warm Lighting,Contrast Ratio: 50:1,No Glare
523,Silhouette,Front Light,Key-to-Fill Ratio: 35.87:1,Hard Shadows,Warm Lighting,Contrast Ratio: 50:1,No Glare
524,Silhouette,Front Light,Key-to-Fill Ratio: 35.99:1,Hard Shadows,Warm Lighting,Contrast Ratio: 50:1,No Glare
525,Silhouette,Front Light,Key-to-Fill Ratio: 36.07:1,Hard Shadows,Warm Lighting,Contrast Ratio: 50:1,No Glare
526,Silhouette,Front Light,Key-to-Fill Ratio: 36.08:1,Hard Shadows,Warm Lighting,Contrast Ratio: 50:1,No Glare
527,Silhouette,Front Light,Key-to-Fill Ratio: 36.11:1,Hard Shadows,Warm Lighting,Contrast Ratio: 50:1,No Glare
528,Silhouette,Front Light,Key-to-Fill Ratio: 36.23:1,Hard Shadows,Warm Lighting,Contrast Ratio: 50:1,No Glare
529,Silhouette,Front Light,Key-to-Fill Ratio: 36.31:1,Hard Shadows,Warm Lighting,Contrast Ratio: 50:1,No Glare
530,Silhouette,Front Light,Key-to-Fill Ratio: 36.34:1,Hard Shadows,Warm Lighting,Contrast Ratio: 50:1,No Glare
531,Silhouette,Front Light,Key-to-Fill Ratio: 36.4:1,Hard Shadows,Warm Lighting,Contrast Ratio: 50:1,No Glare
532,Silhouette,Front Light,Key-to-Fill Ratio: 36.4:1,Hard Shadows,Warm Lighting,Contrast Ratio: 50:1,No Glare
533,Silhouette,Front Light,Key-to-Fill Ratio: 36.47:1,Hard Shadows,Warm Lighting,Contrast Ratio: 50:1,No Glare
534,Silhouette,Front Light,Key-to-Fill Ratio: 36.61:1,Hard Shadows,Warm Lighting,Contrast Ratio: 50:1,No Glare
535,Silhouette,Front Light,Key-to-Fill Ratio: 36.69:1,Hard Shadows,Warm Lighting,Contrast Ratio: 50:1,No Glare
536,Silhouette,Front Light,Key-to-Fill Ratio: 36.71:1,Hard Shadows,Warm Lighting,Contrast Ratio: 50:1,No Glare
537,High-Key,Front Light,Key-to-Fill Ratio: 36.67:1,Hard Shadows,Warm Lighting,Contrast Ratio: 50:1,No Glare
538,High-Key,Front Light,Key-to-Fill Ratio: 36.84:1,Hard Shadows,Warm Lighting,Contrast Ratio: 50:1,No Glare
539,High-Key,Front Light,Key-to-Fill Ratio: 36.83:1,Hard Shadows,Warm Lighting,Contrast Ratio: 50:1,No Glare
540,Silhouette,Front Light,Key-to-Fill Ratio: 37.45:1,Hard Shadows,Warm Lighting,Contrast Ratio: 50:1,No Glare
541,Silhouette,Front Light,Key-to-Fill Ratio: 37.2:1,Hard Shadows,Warm Lighting,Contrast Ratio: 50:1,No Glare
542,High-Key,Front Light,Key-to-Fill Ratio: 37.06:1,Hard Shadows,Warm Lighting,Contrast Ratio: 50:1,No Glare
543,Silhouette,Front Light,Key-to-Fill Ratio: 37.19:1,Hard Shadows,Warm Lighting,Contrast Ratio: 50:1,No Glare
544,Silhouette,Front Light,Key-to-Fill Ratio: 37.15:1,Hard Shadows,Warm Lighting,Contrast Ratio: 50:1,No Glare
545,Silhouette,Front Light,Key-to-Fill Ratio: 37.19:1,Hard Shadows,Warm Lighting,Contrast Ratio: 50:1,No Glare
546,Silhouette,Front Light,Key-to-Fill Ratio: 37.25:1,Hard Shadows,Warm Lighting,Contrast Ratio: 50:1,No Glare
547,Silhouette,Front Light,Key-to-Fill Ratio: 37.26:1,Hard Shadows,Warm Lighting,Contrast Ratio: 50:1,No Glare
548,Silhouette,Front Light,Key-to-Fill Ratio: 37.38:1,Hard Shadows,Warm Lighting,Contrast Ratio: 50:1,No Glare
549,Silhouette,Front Light,Key-to-Fill Ratio: 37.37:1,Hard Shadows,Warm Lighting,Contrast Ratio: 50:1,No Glare
550,Silhouette,Front Light,Key-to-Fill Ratio: 37.48:1,Hard Shadows,Warm Lighting,Contrast Ratio: 50:1,No Glare
551,Silhouette,Front Light,Key-to-Fill Ratio: 37.53:1,Hard Shadows,Warm Lighting,Contrast Ratio: 50:1,No Glare
552,Silhouette,Front Light,Key-to-Fill Ratio: 37.59:1,Hard Shadows,Warm Lighting,Contrast Ratio: 50:1,No Glare
553,Silhouette,Front Light,Key-to-Fill Ratio: 37.62:1,Hard Shadows,Warm Lighting,Contrast Ratio: 50:1,No Glare
554,Silhouette,Front Light,Key-to-Fill Ratio: 37.75:1,Hard Shadows,Warm Lighting,Contrast Ratio: 50:1,No Glare
555,High-Key,Front Light,Key-to-Fill Ratio: 37.78:1,Hard Shadows,Warm Lighting,Contrast Ratio: 50:1,No Glare
556,Silhouette,Front Light,Key-to-Fill Ratio: 37.87:1,Hard Shadows,Warm Lighting,Contrast Ratio: 50:1,No Glare
557,Silhouette,Front Light,Key-to-Fill Ratio: 37.89:1,Hard Shadows,Warm Lighting,Contrast Ratio: 50:1,No Glare
558,High-Key,Front Light,Key-to-Fill Ratio: 38.0:1,Hard Shadows,Warm Lighting,Contrast Ratio: 50:1,No Glare
559,High-Key,Front Light,Key-to-Fill Ratio: 38.06:1,Hard Shadows,Warm Lighting,Contrast Ratio: 50:1,No Glare
560,High-Key,Front Light,Key-to-Fill Ratio: 38.11:1,Hard Shadows,Warm Lighting,Contrast Ratio: 50:1,No Glare
561,High-Key,Front Light,Key-to-Fill Ratio: 38.19:1,Hard Shadows,Warm Lighting,Contrast Ratio: 50:1,No Glare
562,High-Key,Front Light,Key-to-Fill Ratio: 38.39:1,Hard Shadows,Warm Lighting,Contrast Ratio: 50:1,No Glare
563,High-Key,Front Light,Key-to-Fill Ratio: 38.33:1,Hard Shadows,Warm Lighting,Contrast Ratio: 50:1,No Glare
564,High-Key,Front Light,Key-to-Fill Ratio: 38.5:1,Hard Shadows,Warm Lighting,Contrast Ratio: 50:1,No Glare
565,High-Key,Front Light,Key-to-Fill Ratio: 38.48:1,Hard Shadows,Warm Lighting,Contrast Ratio: 50:1,No Glare
566,High-Key,Front Light,Key-to-Fill Ratio: 38.57:1,Hard Shadows,Warm Lighting,Contrast Ratio: 50:1,No Glare
567,High-Key,Front Light,Key-to-Fill Ratio: 38.61:1,Hard Shadows,Warm Lighting,Contrast Ratio: 50:1,No Glare
568,High-Key,Front Light,Key-to-Fill Ratio: 38.7:1,Hard Shadows,Warm Lighting,Contrast Ratio: 50:1,No Glare
569,Silhouette,Front Light,Key-to-Fill Ratio: 38.82:1,Hard Shadows,Warm Lighting,Contrast Ratio: 50:1,No Glare
570,Silhouette,Front Light,Key-to-Fill Ratio: 38.91:1,Hard Shadows,Warm Lighting,Contrast Ratio: 50:1,No Glare
571,Silhouette,Front Light,Key-to-Fill Ratio: 38.92:1,Hard Shadows,Warm Lighting,Contrast Ratio: 50:1,No Glare
572,Silhouette,Front Light,Key-to-Fill Ratio: 39.05:1,Hard Shadows,Warm Lighting,Contrast Ratio: 50:1,No Glare
573,Silhouette,Front Light,Key-to-Fill Ratio: 39.03:1,Hard Shadows,Warm Lighting,Contrast Ratio: 50:1,No Glare
574,Silhouette,Front Light,Key-to-Fill Ratio: 39.07:1,Hard Shadows,Warm Lighting,Contrast Ratio: 50:1,No Glare
575,Silhouette,Front Light,Key-to-Fill Ratio: 39.16:1,Hard Shadows,Warm Lighting,Contrast Ratio: 50:1,No Glare
576,Silhouette,Front Light,Key-to-Fill Ratio: 39.22:1,Hard Shadows,Warm Lighting,Contrast Ratio: 50:1,No Glare
577,Silhouette,Front Light,Key-to-Fill Ratio: 39.22:1,Hard Shadows,Warm Lighting,Contrast Ratio: 50:1,No Glare
578,Silhouette,Front Light,Key-to-Fill Ratio: 39.46:1,Hard Shadows,Warm Lighting,Contrast Ratio: 50:1,No Glare
579,Silhouette,Front Light,Key-to-Fill Ratio: 39.33:1,Hard Shadows,Warm Lighting,Contrast Ratio: 50:1,No Glare
580,Silhouette,Front Light,Key-to-Fill Ratio: 39.5:1,Hard Shadows,Warm Lighting,Contrast Ratio: 50:1,No Glare
581,Silhouette,Front Light,Key-to-Fill Ratio: 39.45:1,Hard Shadows,Warm Lighting,Contrast Ratio: 50:1,No Glare
582,Silhouette,Front Light,Key-to-Fill Ratio: 39.56:1,Hard Shadows,Warm Lighting,Contrast Ratio: 50:1,No Glare
583,Silhouette,Front Light,Key-to-Fill Ratio: 39.58:1,Hard Shadows,Warm Lighting,Contrast Ratio: 50:1,No Glare
584,Silhouette,Front Light,Key-to-Fill Ratio: 39.58:1,Hard Shadows,Warm Lighting,Contrast Ratio: 50:1,No Glare
585,Silhouette,Front Light,Key-to-Fill Ratio: 39.59:1,Hard Shadows,Warm Lighting,Contrast Ratio: 50:1,No Glare
586,Silhouette,Front Light,Key-to-Fill Ratio: 39.68:1,Hard Shadows,Warm Lighting,Contrast Ratio: 50:1,No Glare
587,Silhouette,Front Light,Key-to-Fill Ratio: 39.68:1,Hard Shadows,Warm Lighting,Contrast Ratio: 50:1,No Glare
588,Silhouette,Front Light,Key-to-Fill Ratio: 39.94:1,Hard Shadows,Warm Lighting,Contrast Ratio: 50:1,No Glare
589,Silhouette,Front Light,Key-to-Fill Ratio: 39.95:1,Hard Shadows,Warm Lighting,Contrast Ratio: 50:1,No Glare
590,Silhouette,Front Light,Key-to-Fill Ratio: 40.06:1,Hard Shadows,Warm Lighting,Contrast Ratio: 50:1,No Glare
591,Silhouette,Front Light,Key-to-Fill Ratio: 39.93:1,Hard Shadows,Warm Lighting,Contrast Ratio: 50:1,No Glare
592,Silhouette,Front Light,Key-to-Fill Ratio: 40.07:1,Hard Shadows,Warm Lighting,Contrast Ratio: 50:1,No Glare
593,Silhouette,Front Light,Key-to-Fill Ratio: 40.14:1,Hard Shadows,Warm Lighting,Contrast Ratio: 50:1,No Glare
594,Silhouette,Front Light,Key-to-Fill Ratio: 40.16:1,Hard Shadows,Warm Lighting,Contrast Ratio: 50:1,No Glare
595,Silhouette,Front Light,Key-to-Fill Ratio: 40.28:1,Hard Shadows,Warm Lighting,Contrast Ratio: 50:1,No Glare
596,Silhouette,Front Light,Key-to-Fill Ratio: 40.37:1,Hard Shadows,Warm Lighting,Contrast Ratio: 50:1,No Glare
597,Silhouette,Front Light,Key-to-Fill Ratio: 40.38:1,Hard Shadows,Warm Lighting,Contrast Ratio: 50:1,No Glare
598,Silhouette,Front Light,Key-to-Fill Ratio: 40.51:1,Hard Shadows,Warm Lighting,Contrast Ratio: 50:1,No Glare
599,Silhouette,Front Light,Key-to-Fill Ratio: 40.5:1,Hard Shadows,Warm Lighting,Contrast Ratio: 50:1,No Glare
600,Silhouette,Front Light,Key-to-Fill Ratio: 40.77:1,Hard Shadows,Warm Lighting,Contrast Ratio: 50:1,No Glare
601,Silhouette,Front Light,Key-to-Fill Ratio: 40.66:1,Hard Shadows,Warm Lighting,Contrast Ratio: 50:1,No Glare
602,Silhouette,Front Light,Key-to-Fill Ratio: 40.9:1,Hard Shadows,Warm Lighting,Contrast Ratio: 50:1,No Glare
603,Silhouette,Front Light,Key-to-Fill Ratio: 40.9:1,Hard Shadows,Warm Lighting,Contrast Ratio: 50:1,No Glare
604,Silhouette,Front Light,Key-to-Fill Ratio: 41.02:1,Hard Shadows,Warm Lighting,Contrast Ratio: 50:1,No Glare
605,Silhouette,Front Light,Key-to-Fill Ratio: 40.92:1,Hard Shadows,Warm Lighting,Contrast Ratio: 50:1,No Glare
606,Silhouette,Front Light,Key-to-Fill Ratio: 41.08:1,Hard Shadows,Warm Lighting,Contrast Ratio: 50:1,No Glare
607,Silhouette,Front Light,Key-to-Fill Ratio: 41.16:1,Hard Shadows,Warm Lighting,Contrast Ratio: 50:1,No Glare
608,Silhouette,Front Light,Key-to-Fill Ratio: 41.37:1,Hard Shadows,Warm Lighting,Contrast Ratio: 50:1,No Glare
609,Silhouette,Front Light,Key-to-Fill Ratio: 41.27:1,Hard Shadows,Warm Lighting,Contrast Ratio: 50:1,No Glare
610,Silhouette,Front Light,Key-to-Fill Ratio: 41.44:1,Hard Shadows,Warm Lighting,Contrast Ratio: 50:1,No Glare
611,Silhouette,Front Light,Key-to-Fill Ratio: 41.47:1,Hard Shadows,Warm Lighting,Contrast Ratio: 50:1,No Glare
612,Silhouette,Front Light,Key-to-Fill Ratio: 41.59:1,Hard Shadows,Warm Lighting,Contrast Ratio: 50:1,No Glare
613,Silhouette,Front Light,Key-to-Fill Ratio: 41.64:1,Hard Shadows,Warm Lighting,Contrast Ratio: 50:1,No Glare
614,Silhouette,Front Light,Key-to-Fill Ratio: 41.72:1,Hard Shadows,Warm Lighting,Contrast Ratio: 50:1,No Glare
615,Silhouette,Front Light,Key-to-Fill Ratio: 41.73:1,Hard Shadows,Warm Lighting,Contrast Ratio: 50:1,No Glare
616,Silhouette,Front Light,Key-to-Fill Ratio: 41.82:1,Hard Shadows,Warm Lighting,Contrast Ratio: 50:1,No Glare
617,Silhouette,Front Light,Key-to-Fill Ratio: 41.81:1,Hard Shadows,Warm Lighting,Contrast Ratio: 50:1,No Glare
618,Silhouette,Front Light,Key-to-Fill Ratio: 41.94:1,Hard Shadows,Warm Lighting,Contrast Ratio: 50:1,No Glare
619,Silhouette,Front Light,Key-to-Fill Ratio: 41.9:1,Hard Shadows,Warm Lighting,Contrast Ratio: 50:1,No Glare
620,Silhouette,Front Light,Key-to-Fill Ratio: 42.01:1,Hard Shadows,Warm Lighting,Contrast Ratio: 50:1,No Glare
621,Silhouette,Front Light,Key-to-Fill Ratio: 42.01:1,Hard Shadows,Warm Lighting,Contrast Ratio: 50:1,No Glare
622,Silhouette,Front Light,Key-to-Fill Ratio: 42.14:1,Hard Shadows,Warm Lighting,Contrast Ratio: 50:1,No Glare
623,Silhouette,Front Light,Key-to-Fill Ratio: 42.0:1,Hard Shadows,Warm Lighting,Contrast Ratio: 50:1,No Glare
624,Silhouette,Front Light,Key-to-Fill Ratio: 42.19:1,Hard Shadows,Warm Lighting,Contrast Ratio: 50:1,No Glare
625,Silhouette,Front Light,Key-to-Fill Ratio: 42.1:1,Hard Shadows,Warm Lighting,Contrast Ratio: 50:1,No Glare
626,Silhouette,Front Light,Key-to-Fill Ratio: 42.19:1,Hard Shadows,Warm Lighting,Contrast Ratio: 50:1,No Glare
627,Silhouette,Front Light,Key-to-Fill Ratio: 42.16:1,Hard Shadows,Warm Lighting,Contrast Ratio: 50:1,No Glare
628,Silhouette,Front Light,Key-to-Fill Ratio: 42.27:1,Hard Shadows,Warm Lighting,Contrast Ratio: 50:1,No Glare
629,Silhouette,Front Light,Key-to-Fill Ratio: 42.39:1,Hard Shadows,Warm Lighting,Contrast Ratio: 50:1,No Glare
630,Silhouette,Front Light,Key-to-Fill Ratio: 42.82:1,Hard Shadows,Warm Lighting,Contrast Ratio: 50:1,No Glare
631,Silhouette,Front Light,Key-to-Fill Ratio: 42.63:1,Hard Shadows,Warm Lighting,Contrast Ratio: 50:1,No Glare
632,Silhouette,Front Light,Key-to-Fill Ratio: 42.55:1,Hard Shadows,Warm Lighting,Contrast Ratio: 50:1,No Glare
633,Silhouette,Front Light,Key-to-Fill Ratio: 42.42:1,Hard Shadows,Warm Lighting,Contrast Ratio: 50:1,No Glare
634,Silhouette,Front Light,Key-to-Fill Ratio: 42.44:1,Hard Shadows,Warm Lighting,Contrast Ratio: 50:1,No Glare
635,Silhouette,Front Light,Key-to-Fill Ratio: 42.53:1,Hard Shadows,Warm Lighting,Contrast Ratio: 50:1,No Glare
636,Silhouette,Front Light,Key-to-Fill Ratio: 42.59:1,Hard Shadows,Warm Lighting,Contrast Ratio: 50:1,No Glare
637,Silhouette,Front Light,Key-to-Fill Ratio: 42.58:1,Hard Shadows,Warm Lighting,Contrast Ratio: 50:1,No Glare
638,Silhouette,Front Light,Key-to-Fill Ratio: 42.71:1,Hard Shadows,Warm Lighting,Contrast Ratio: 50:1,No Glare
639,Silhouette,Front Light,Key-to-Fill Ratio: 42.73:1,Hard Shadows,Warm Lighting,Contrast Ratio: 50:1,No Glare
640,Silhouette,Front Light,Key-to-Fill Ratio: 42.8:1,Hard Shadows,Warm Lighting,Contrast Ratio: 50:1,No Glare
641,Silhouette,Front Light,Key-to-Fill Ratio: 42.81:1,Hard Shadows,Warm Lighting,Contrast Ratio: 50:1,No Glare
642,Silhouette,Front Light,Key-to-Fill Ratio: 42.9:1,Hard Shadows,Warm Lighting,Contrast Ratio: 50:1,No Glare
643,Silhouette,Front Light,Key-to-Fill Ratio: 42.91:1,Hard Shadows,Warm Lighting,Contrast Ratio: 50:1,No Glare
644,Silhouette,Front Light,Key-to-Fill Ratio: 42.94:1,Hard Shadows,Warm Lighting,Contrast Ratio: 50:1,No Glare
645,Silhouette,Front Light,Key-to-Fill Ratio: 42.96:1,Hard Shadows,Warm Lighting,Contrast Ratio: 50:1,No Glare
646,Silhouette,Front Light,Key-to-Fill Ratio: 42.95:1,Hard Shadows,Warm Lighting,Contrast Ratio: 50:1,No Glare
647,Silhouette,Front Light,Key-to-Fill Ratio: 42.99:1,Hard Shadows,Warm Lighting,Contrast Ratio: 50:1,No Glare
648,Silhouette,Front Light,Key-to-Fill Ratio: 43.17:1,Hard Shadows,Warm Lighting,Contrast Ratio: 50:1,No Glare
649,Silhouette,Front Light,Key-to-Fill Ratio: 43.18:1,Hard Shadows,Warm Lighting,Contrast Ratio: 50:1,No Glare
650,Silhouette,Front Light,Key-to-Fill Ratio: 43.31:1,Hard Shadows,Warm Lighting,Contrast Ratio: 50:1,No Glare
651,Silhouette,Front Light,Key-to-Fill Ratio: 43.21:1,Hard Shadows,Warm Lighting,Contrast Ratio: 50:1,No Glare
652,Silhouette,Front Light,Key-to-Fill Ratio: 43.39:1,Hard Shadows,Warm Lighting,Contrast Ratio: 50:1,No Glare
653,Silhouette,Front Light,Key-to-Fill Ratio: 43.27:1,Hard Shadows,Warm Lighting,Contrast Ratio: 50:1,No Glare
654,Silhouette,Front Light,Key-to-Fill Ratio: 43.48:1,Hard Shadows,Warm Lighting,Contrast Ratio: 50:1,No Glare
655,Silhouette,Front Light,Key-to-Fill Ratio: 43.42:1,Hard Shadows,Warm Lighting,Contrast Ratio: 50:1,No Glare
656,Silhouette,Front Light,Key-to-Fill Ratio: 43.6:1,Hard Shadows,Warm Lighting,Contrast Ratio: 50:1,No Glare
657,Silhouette,Front Light,Key-to-Fill Ratio: 43.6:1,Hard Shadows,Warm Lighting,Contrast Ratio: 50:1,No Glare
658,Silhouette,Front Light,Key-to-Fill Ratio: 43.85:1,Hard Shadows,Warm Lighting,Contrast Ratio: 50:1,No Glare
659,Silhouette,Front Light,Key-to-Fill Ratio: 43.66:1,Hard Shadows,Warm Lighting,Contrast Ratio: 50:1,No Glare
660,Silhouette,Front Light,Key-to-Fill Ratio: 44.08:1,Hard Shadows,Warm Lighting,Contrast Ratio: 50:1,No Glare
661,Silhouette,Front Light,Key-to-Fill Ratio: 43.93:1,Hard Shadows,Warm Lighting,Contrast Ratio: 50:1,No Glare
662,Silhouette,Front Light,Key-to-Fill Ratio: 44.06:1,Hard Shadows,Warm Lighting,Contrast Ratio: 50:1,No Glare
663,Silhouette,Front Light,Key-to-Fill Ratio: 44.1:1,Hard Shadows,Warm Lighting,Contrast Ratio: 50:1,No Glare
664,Silhouette,Front Light,Key-to-Fill Ratio: 44.13:1,Hard Shadows,Warm Lighting,Contrast Ratio: 50:1,No Glare
665,Silhouette,Front Light,Key-to-Fill Ratio: 44.09:1,Hard Shadows,Warm Lighting,Contrast Ratio: 50:1,No Glare
666,Silhouette,Front Light,Key-to-Fill Ratio: 44.18:1,Hard Shadows,Warm Lighting,Contrast Ratio: 50:1,No Glare
667,Silhouette,Front Light,Key-to-Fill Ratio: 44.06:1,Hard Shadows,Warm Lighting,Contrast Ratio: 50:1,No Glare
668,Silhouette,Front Light,Key-to-Fill Ratio: 44.17:1,Hard Shadows,Warm Lighting,Contrast Ratio: 50:1,No Glare
669,Silhouette,Front Light,Key-to-Fill Ratio: 44.03:1,Hard Shadows,Warm Lighting,Contrast Ratio: 50:1,No Glare
670,Silhouette,Front Light,Key-to-Fill Ratio: 44.17:1,Hard Shadows,Warm Lighting,Contrast Ratio: 50:1,No Glare
671,Silhouette,Front Light,Key-to-Fill Ratio: 44.08:1,Hard Shadows,Warm Lighting,Contrast Ratio: 50:1,No Glare
672,Silhouette,Front Light,Key-to-Fill Ratio: 44.22:1,Hard Shadows,Warm Lighting,Contrast Ratio: 50:1,No Glare
673,Silhouette,Front Light,Key-to-Fill Ratio: 44.06:1,Hard Shadows,Warm Lighting,Contrast Ratio: 50:1,No Glare
674,Silhouette,Front Light,Key-to-Fill Ratio: 44.23:1,Hard Shadows,Warm Lighting,Contrast Ratio: 50:1,No Glare
675,Silhouette,Front Light,Key-to-Fill Ratio: 44.14:1,Hard Shadows,Warm Lighting,Contrast Ratio: 50:1,No Glare
676,Silhouette,Front Light,Key-to-Fill Ratio: 44.28:1,Hard Shadows,Warm Lighting,Contrast Ratio: 50:1,No Glare
677,Silhouette,Front Light,Key-to-Fill Ratio: 44.14:1,Hard Shadows,Warm Lighting,Contrast Ratio: 50:1,No Glare
678,Silhouette,Front Light,Key-to-Fill Ratio: 44.27:1,Hard Shadows,Warm Lighting,Contrast Ratio: 50:1,No Glare
679,Silhouette,Front Light,Key-to-Fill Ratio: 44.18:1,Hard Shadows,Warm Lighting,Contrast Ratio: 50:1,No Glare
680,Silhouette,Front Light,Key-to-Fill Ratio: 44.36:1,Hard Shadows,Warm Lighting,Contrast Ratio: 50:1,No Glare
681,Silhouette,Front Light,Key-to-Fill Ratio: 44.22:1,Hard Shadows,Warm Lighting,Contrast Ratio: 50:1,No Glare
682,Silhouette,Front Light,Key-to-Fill Ratio: 44.42:1,Hard Shadows,Warm Lighting,Contrast Ratio: 50:1,No Glare
683,Silhouette,Front Light,Key-to-Fill Ratio: 44.32:1,Hard Shadows,Warm Lighting,Contrast Ratio: 50:1,No Glare
684,Silhouette,Front Light,Key-to-Fill Ratio: 44.55:1,Hard Shadows,Warm Lighting,Contrast Ratio: 50:1,No Glare
685,Silhouette,Front Light,Key-to-Fill Ratio: 44.46:1,Hard Shadows,Warm Lighting,Contrast Ratio: 50:1,No Glare
686,Chiaroscuro,Front Light,Key-to-Fill Ratio: 44.69:1,Hard Shadows,Warm Lighting,Contrast Ratio: 50:1,No Glare
687,Chiaroscuro,Front Light,Key-to-Fill Ratio: 44.66:1,Hard Shadows,Warm Lighting,Contrast Ratio: 50:1,No Glare
688,Chiaroscuro,Front Light,Key-to-Fill Ratio: 44.71:1,Hard Shadows,Warm Lighting,Contrast Ratio: 50:1,No Glare
689,Chiaroscuro,Front Light,Key-to-Fill Ratio: 44.69:1,Hard Shadows,Warm Lighting,Contrast Ratio: 50:1,No Glare
690,Silhouette,Front Light,Key-to-Fill Ratio: 44.83:1,Hard Shadows,Warm Lighting,Contrast Ratio: 50:1,No Glare
691,Silhouette,Front Light,Key-to-Fill Ratio: 44.77:1,Hard Shadows,Warm Lighting,Contrast Ratio: 50:1,No Glare
692,Silhouette,Front Light,Key-to-Fill Ratio: 44.94:1,Hard Shadows,Warm Lighting,Contrast Ratio: 50:1,No Glare
693,Chiaroscuro,Front Light,Key-to-Fill Ratio: 44.81:1,Hard Shadows,Warm Lighting,Contrast Ratio: 50:1,No Glare
694,Chiaroscuro,Front Light,Key-to-Fill Ratio: 44.85:1,Hard Shadows,Warm Lighting,Contrast Ratio: 50:1,No Glare
695,Silhouette,Front Light,Key-to-Fill Ratio: 44.57:1,Hard Shadows,Warm Lighting,Contrast Ratio: 50:1,No Glare
696,Silhouette,Front Light,Key-to-Fill Ratio: 44.55:1,Hard Shadows,Warm Lighting,Contrast Ratio: 50:1,No Glare
697,Silhouette,Front Light,Key-to-Fill Ratio: 44.42:1,Hard Shadows,Warm Lighting,Contrast Ratio: 50:1,No Glare
698,Silhouette,Front Light,Key-to-Fill Ratio: 44.53:1,Hard Shadows,Warm Lighting,Contrast Ratio: 50:1,No Glare
699,Chiaroscuro,Front Light,Key-to-Fill Ratio: 44.35:1,Hard Shadows,Warm Lighting,Contrast Ratio: 50:1,No Glare
700,Chiaroscuro,Front Light,Key-to-Fill Ratio: 44.42:1,Hard Shadows,Warm Lighting,Contrast Ratio: 50:1,No Glare
701,Silhouette,Front Light,Key-to-Fill Ratio: 44.21:1,Hard Shadows,Warm Lighting,Contrast Ratio: 50:1,No Glare
702,Silhouette,Front Light,Key-to-Fill Ratio: 44.2:1,Hard Shadows,Warm Lighting,Contrast Ratio: 50:1,No Glare
703,Silhouette,Front Light,Key-to-Fill Ratio: 44.02:1,Hard Shadows,Warm Lighting,Contrast Ratio: 50:1,No Glare
704,Silhouette,Front Light,Key-to-Fill Ratio: 44.01:1,Hard Shadows,Warm Lighting,Contrast Ratio: 50:1,No Glare
705,Silhouette,Front Light,Key-to-Fill Ratio: 43.92:1,Hard Shadows,Warm Lighting,Contrast Ratio: 50:1,No Glare
706,Silhouette,Front Light,Key-to-Fill Ratio: 44.06:1,Hard Shadows,Warm Lighting,Contrast Ratio: 50:1,No Glare
707,Silhouette,Front Light,Key-to-Fill Ratio: 43.83:1,Hard Shadows,Warm Lighting,Contrast Ratio: 50:1,No Glare
708,Silhouette,Front Light,Key-to-Fill Ratio: 43.92:1,Hard Shadows,Warm Lighting,Contrast Ratio: 50:1,No Glare
709,Silhouette,Front Light,Key-to-Fill Ratio: 43.79:1,Hard Shadows,Warm Lighting,Contrast Ratio: 50:1,No Glare
710,Silhouette,Front Light,Key-to-Fill Ratio: 43.62:1,Hard Shadows,Warm Lighting,Contrast Ratio: 50:1,No Glare
711,Silhouette,Front Light,Key-to-Fill Ratio: 43.54:1,Hard Shadows,Warm Lighting,Contrast Ratio: 50:1,No Glare
712,Silhouette,Front Light,Key-to-Fill Ratio: 43.63:1,Hard Shadows,Warm Lighting,Contrast Ratio: 50:1,No Glare
713,Silhouette,Front Light,Key-to-Fill Ratio: 43.53:1,Hard Shadows,Warm Lighting,Contrast Ratio: 50:1,No Glare
714,Silhouette,Front Light,Key-to-Fill Ratio: 43.45:1,Hard Shadows,Warm Lighting,Contrast Ratio: 50:1,No Glare
715,Silhouette,Front Light,Key-to-Fill Ratio: 43.38:1,Hard Shadows,Warm Lighting,Contrast Ratio: 50:1,No Glare
716,Silhouette,Front Light,Key-to-Fill Ratio: 43.38:1,Hard Shadows,Warm Lighting,Contrast Ratio: 50:1,No Glare
717,Silhouette,Front Light,Key-to-Fill Ratio: 43.16:1,Hard Shadows,Warm Lighting,Contrast Ratio: 50:1,No Glare
718,Silhouette,Front Light,Key-to-Fill Ratio: 43.2:1,Hard Shadows,Warm Lighting,Contrast Ratio: 50:1,No Glare
719,Silhouette,Front Light,Key-to-Fill Ratio: 43.12:1,Hard Shadows,Warm Lighting,Contrast Ratio: 50:1,No Glare
720,Silhouette,Front Light,Key-to-Fill Ratio: 43.6:1,Hard Shadows,Warm Lighting,Contrast Ratio: 50:1,No Glare
721,Silhouette,Front Light,Key-to-Fill Ratio: 43.05:1,Hard Shadows,Warm Lighting,Contrast Ratio: 50:1,No Glare
722,Silhouette,Front Light,Key-to-Fill Ratio: 42.75:1,Hard Shadows,Warm Lighting,Contrast Ratio: 50:1,No Glare
723,Silhouette,Front Light,Key-to-Fill Ratio: 42.71:1,Hard Shadows,Warm Lighting,Contrast Ratio: 50:1,No Glare
724,Silhouette,Front Light,Key-to-Fill Ratio: 42.63:1,Hard Shadows,Warm Lighting,Contrast Ratio: 50:1,No Glare
725,Silhouette,Front Light,Key-to-Fill Ratio: 42.36:1,Hard Shadows,Warm Lighting,Contrast Ratio: 50:1,No Glare
726,Silhouette,Front Light,Key-to-Fill Ratio: 42.29:1,Hard Shadows,Warm Lighting,Contrast Ratio: 50:1,No Glare
727,Silhouette,Front Light,Key-to-Fill Ratio: 42.24:1,Hard Shadows,Warm Lighting,Contrast Ratio: 50:1,No Glare
728,Silhouette,Front Light,Key-to-Fill Ratio: 42.18:1,Hard Shadows,Warm Lighting,Contrast Ratio: 50:1,No Glare
729,Silhouette,Front Light,Key-to-Fill Ratio: 42.03:1,Hard Shadows,Warm Lighting,Contrast Ratio: 50:1,No Glare
730,Silhouette,Front Light,Key-to-Fill Ratio: 42.06:1,Hard Shadows,Warm Lighting,Contrast Ratio: 50:1,No Glare
731,Silhouette,Front Light,Key-to-Fill Ratio: 41.93:1,Hard Shadows,Warm Lighting,Contrast Ratio: 50:1,No Glare
732,Silhouette,Front Light,Key-to-Fill Ratio: 41.83:1,Hard Shadows,Warm Lighting,Contrast Ratio: 50:1,No Glare
733,Silhouette,Front Light,Key-to-Fill Ratio: 41.72:1,Hard Shadows,Warm Lighting,Contrast Ratio: 50:1,No Glare
734,Silhouette,Front Light,Key-to-Fill Ratio: 41.6:1,Hard Shadows,Warm Lighting,Contrast Ratio: 50:1,No Glare
735,Silhouette,Front Light,Key-to-Fill Ratio: 41.4:1,Hard Shadows,Warm Lighting,Contrast Ratio: 50:1,No Glare
736,Silhouette,Front Light,Key-to-Fill Ratio: 41.52:1,Hard Shadows,Warm Lighting,Contrast Ratio: 50:1,No Glare
737,Silhouette,Front Light,Key-to-Fill Ratio: 41.42:1,Hard Shadows,Warm Lighting,Contrast Ratio: 50:1,No Glare
738,Silhouette,Front Light,Key-to-Fill Ratio: 41.49:1,Hard Shadows,Warm Lighting,Contrast Ratio: 50:1,No Glare
739,Silhouette,Front Light,Key-to-Fill Ratio: 41.37:1,Hard Shadows,Warm Lighting,Contrast Ratio: 50:1,No Glare
740,Silhouette,Front Light,Key-to-Fill Ratio: 41.35:1,Hard Shadows,Warm Lighting,Contrast Ratio: 50:1,No Glare
741,Silhouette,Front Light,Key-to-Fill Ratio: 41.14:1,Hard Shadows,Warm Lighting,Contrast Ratio: 50:1,No Glare
742,Silhouette,Front Light,Key-to-Fill Ratio: 41.17:1,Hard Shadows,Warm Lighting,Contrast Ratio: 50:1,No Glare
743,High-Key,Front Light,Key-to-Fill Ratio: 41.12:1,Hard Shadows,Warm Lighting,Contrast Ratio: 50:1,No Glare
744,High-Key,Front Light,Key-to-Fill Ratio: 41.19:1,Hard Shadows,Warm Lighting,Contrast Ratio: 50:1,No Glare
745,High-Key,Front Light,Key-to-Fill Ratio: 41.04:1,Hard Shadows,Warm Lighting,Contrast Ratio: 50:1,No Glare
746,High-Key,Front Light,Key-to-Fill Ratio: 41.04:1,Hard Shadows,Warm Lighting,Contrast Ratio: 50:1,No Glare
747,High-Key,Front Light,Key-to-Fill Ratio: 40.88:1,Hard Shadows,Warm Lighting,Contrast Ratio: 50:1,No Glare
748,High-Key,Front Light,Key-to-Fill Ratio: 41.01:1,Hard Shadows,Warm Lighting,Contrast Ratio: 50:1,No Glare
749,High-Key,Front Light,Key-to-Fill Ratio: 40.85:1,Hard Shadows,Warm Lighting,Contrast Ratio: 50:1,No Glare
750,High-Key,Front Light,Key-to-Fill Ratio: 41.04:1,Hard Shadows,Warm Lighting,Contrast Ratio: 50:1,No Glare
751,Silhouette,Front Light,Key-to-Fill Ratio: 40.8:1,Hard Shadows,Warm Lighting,Contrast Ratio: 50:1,No Glare
752,Silhouette,Front Light,Key-to-Fill Ratio: 40.77:1,Hard Shadows,Warm Lighting,Contrast Ratio: 50:1,No Glare
753,Silhouette,Front Light,Key-to-Fill Ratio: 40.61:1,Hard Shadows,Warm Lighting,Contrast Ratio: 50:1,No Glare
754,Silhouette,Front Light,Key-to-Fill Ratio: 40.57:1,Hard Shadows,Warm Lighting,Contrast Ratio: 50:1,No Glare
755,Silhouette,Front Light,Key-to-Fill Ratio: 40.48:1,Hard Shadows,Warm Lighting,Contrast Ratio: 50:1,No Glare
756,Silhouette,Front Light,Key-to-Fill Ratio: 40.5:1,Hard Shadows,Warm Lighting,Contrast Ratio: 50:1,No Glare
757,High-Key,Front Light,Key-to-Fill Ratio: 40.34:1,Hard Shadows,Warm Lighting,Contrast Ratio: 50:1,No Glare
758,High-Key,Front Light,Key-to-Fill Ratio: 40.24:1,Hard Shadows,Warm Lighting,Contrast Ratio: 50:1,No Glare
759,High-Key,Front Light,Key-to-Fill Ratio: 40.12:1,Hard Shadows,Warm Lighting,Contrast Ratio: 50:1,No Glare
760,High-Key,Front Light,Key-to-Fill Ratio: 40.04:1,Hard Shadows,Warm Lighting,Contrast Ratio: 50:1,No Glare
761,High-Key,Front Light,Key-to-Fill Ratio: 39.86:1,Hard Shadows,Warm Lighting,Contrast Ratio: 50:1,No Glare
762,High-Key,Front Light,Key-to-Fill Ratio: 39.9:1,Hard Shadows,Warm Lighting,Contrast Ratio: 50:1,No Glare
763,High-Key,Front Light,Key-to-Fill Ratio: 39.79:1,Hard Shadows,Warm Lighting,Contrast Ratio: 50:1,No Glare
764,High-Key,Front Light,Key-to-Fill Ratio: 39.66:1,Hard Shadows,Warm Lighting,Contrast Ratio: 50:1,No Glare
765,Silhouette,Front Light,Key-to-Fill Ratio: 39.54:1,Hard Shadows,Warm Lighting,Contrast Ratio: 50:1,No Glare
766,Silhouette,Front Light,Key-to-Fill Ratio: 39.43:1,Hard Shadows,Warm Lighting,Contrast Ratio: 50:1,No Glare
767,Silhouette,Front Light,Key-to-Fill Ratio: 39.29:1,Hard Shadows,Warm Lighting,Contrast Ratio: 50:1,No Glare
768,Silhouette,Front Light,Key-to-Fill Ratio: 39.21:1,Hard Shadows,Warm Lighting,Contrast Ratio: 50:1,No Glare
769,Silhouette,Front Light,Key-to-Fill Ratio: 39.15:1,Hard Shadows,Warm Lighting,Contrast Ratio: 50:1,No Glare
770,Silhouette,Front Light,Key-to-Fill Ratio: 39.13:1,Hard Shadows,Warm Lighting,Contrast Ratio: 50:1,No Glare
771,Silhouette,Front Light,Key-to-Fill Ratio: 39.01:1,Hard Shadows,Warm Lighting,Contrast Ratio: 50:1,No Glare
772,High-Key,Front Light,Key-to-Fill Ratio: 39.03:1,Hard Shadows,Warm Lighting,Contrast Ratio: 50:1,No Glare
773,Silhouette,Front Light,Key-to-Fill Ratio: 38.75:1,Hard Shadows,Warm Lighting,Contrast Ratio: 50:1,No Glare
774,Silhouette,Front Light,Key-to-Fill Ratio: 38.81:1,Hard Shadows,Warm Lighting,Contrast Ratio: 50:1,No Glare
775,Silhouette,Front Light,Key-to-Fill Ratio: 38.69:1,Hard Shadows,Warm Lighting,Contrast Ratio: 50:1,No Glare
776,Silhouette,Front Light,Key-to-Fill Ratio: 38.65:1,Hard Shadows,Warm Lighting,Contrast Ratio: 50:1,No Glare
777,High-Key,Front Light,Key-to-Fill Ratio: 38.44:1,Hard Shadows,Warm Lighting,Contrast Ratio: 50:1,No Glare
778,Silhouette,Front Light,Key-to-Fill Ratio: 38.48:1,Hard Shadows,Warm Lighting,Contrast Ratio: 50:1,No Glare
779,Silhouette,Front Light,Key-to-Fill Ratio: 38.43:1,Hard Shadows,Warm Lighting,Contrast Ratio: 50:1,No Glare
780,Silhouette,Front Light,Key-to-Fill Ratio: 38.54:1,Hard Shadows,Warm Lighting,Contrast Ratio: 50:1,No Glare
781,Silhouette,Front Light,Key-to-Fill Ratio: 38.31:1,Hard Shadows,Warm Lighting,Contrast Ratio: 50:1,No Glare
782,Silhouette,Front Light,Key-to-Fill Ratio: 38.28:1,Hard Shadows,Warm Lighting,Contrast Ratio: 50:1,No Glare
783,Silhouette,Front Light,Key-to-Fill Ratio: 38.18:1,Hard Shadows,Warm Lighting,Contrast Ratio: 50:1,No Glare
784,Silhouette,Front Light,Key-to-Fill Ratio: 38.22:1,Hard Shadows,Warm Lighting,Contrast Ratio: 50:1,No Glare
785,Silhouette,Front Light,Key-to-Fill Ratio: 37.92:1,Hard Shadows,Warm Lighting,Contrast Ratio: 50:1,No Glare
786,Silhouette,Front Light,Key-to-Fill Ratio: 37.79:1,Hard Shadows,Warm Lighting,Contrast Ratio: 50:1,No Glare
787,Silhouette,Front Light,Key-to-Fill Ratio: 37.73:1,Hard Shadows,Warm Lighting,Contrast Ratio: 50:1,No Glare
788,High-Key,Front Light,Key-to-Fill Ratio: 37.69:1,Hard Shadows,Warm Lighting,Contrast Ratio: 50:1,No Glare
789,Silhouette,Front Light,Key-to-Fill Ratio: 37.61:1,Hard Shadows,Warm Lighting,Contrast Ratio: 50:1,No Glare
790,Silhouette,Front Light,Key-to-Fill Ratio: 37.52:1,Hard Shadows,Warm Lighting,Contrast Ratio: 50:1,No Glare
791,Silhouette,Front Light,Key-to-Fill Ratio: 37.45:1,Hard Shadows,Warm Lighting,Contrast Ratio: 50:1,No Glare
792,Silhouette,Front Light,Key-to-Fill Ratio: 37.34:1,Hard Shadows,Warm Lighting,Contrast Ratio: 50:1,No Glare
793,High-Key,Front Light,Key-to-Fill Ratio: 37.29:1,Hard Shadows,Warm Lighting,Contrast Ratio: 50:1,No Glare
794,Silhouette,Front Light,Key-to-Fill Ratio: 37.31:1,Hard Shadows,Warm Lighting,Contrast Ratio: 50:1,No Glare
795,Silhouette,Front Light,Key-to-Fill Ratio: 37.13:1,Hard Shadows,Warm Lighting,Contrast Ratio: 50:1,No Glare
796,Silhouette,Front Light,Key-to-Fill Ratio: 37.15:1,Hard Shadows,Warm Lighting,Contrast Ratio: 50:1,No Glare
797,Silhouette,Front Light,Key-to-Fill Ratio: 37.08:1,Hard Shadows,Warm Lighting,Contrast Ratio: 50:1,No Glare
798,Silhouette,Front Light,Key-to-Fill Ratio: 37.05:1,Hard Shadows,Warm Lighting,Contrast Ratio: 50:1,No Glare
799,High-Key,Front Light,Key-to-Fill Ratio: 36.91:1,Hard Shadows,Warm Lighting,Contrast Ratio: 50:1,No Glare
800,High-Key,Front Light,Key-to-Fill Ratio: 36.96:1,Hard Shadows,Warm Lighting,Contrast Ratio: 50:1,No Glare
801,High-Key,Front Light,Key-to-Fill Ratio: 36.82:1,Hard Shadows,Warm Lighting,Contrast Ratio: 50:1,No Glare
802,High-Key,Front Light,Key-to-Fill Ratio: 36.75:1,Hard Shadows,Warm Lighting,Contrast Ratio: 50:1,No Glare
803,High-Key,Front Light,Key-to-Fill Ratio: 36.63:1,Hard Shadows,Warm Lighting,Contrast Ratio: 50:1,No Glare
804,High-Key,Front Light,Key-to-Fill Ratio: 36.65:1,Hard Shadows,Warm Lighting,Contrast Ratio: 50:1,No Glare
805,Silhouette,Front Light,Key-to-Fill Ratio: 36.58:1,Hard Shadows,Warm Lighting,Contrast Ratio: 50:1,No Glare
806,Silhouette,Front Light,Key-to-Fill Ratio: 36.5:1,Hard Shadows,Warm Lighting,Contrast Ratio: 50:1,No Glare
807,Silhouette,Front Light,Key-to-Fill Ratio: 36.42:1,Hard Shadows,Warm Lighting,Contrast Ratio: 50:1,No Glare
808,Silhouette,Front Light,Key-to-Fill Ratio: 36.42:1,Hard Shadows,Warm Lighting,Contrast Ratio: 50:1,No Glare
809,Silhouette,Front Light,Key-to-Fill Ratio: 36.22:1,Hard Shadows,Warm Lighting,Contrast Ratio: 50:1,No Glare
810,Silhouette,Front Light,Key-to-Fill Ratio: 36.5:1,Hard Shadows,Warm Lighting,Contrast Ratio: 50:1,No Glare
811,Silhouette,Front Light,Key-to-Fill Ratio: 36.25:1,Hard Shadows,Warm Lighting,Contrast Ratio: 50:1,No Glare
812,Silhouette,Front Light,Key-to-Fill Ratio: 36.03:1,Hard Shadows,Warm Lighting,Contrast Ratio: 50:1,No Glare
813,Silhouette,Front Light,Key-to-Fill Ratio: 36.0:1,Hard Shadows,Warm Lighting,Contrast Ratio: 50:1,No Glare
814,Silhouette,Front Light,Key-to-Fill Ratio: 35.88:1,Hard Shadows,Warm Lighting,Contrast Ratio: 50:1,No Glare
815,Silhouette,Front Light,Key-to-Fill Ratio: 35.67:1,Hard Shadows,Warm Lighting,Contrast Ratio: 50:1,No Glare
816,Silhouette,Front Light,Key-to-Fill Ratio: 35.55:1,Hard Shadows,Warm Lighting,Contrast Ratio: 50:1,No Glare
817,Silhouette,Front Light,Key-to-Fill Ratio: 35.44:1,Hard Shadows,Warm Lighting,Contrast Ratio: 50:1,No Glare
818,Silhouette,Front Light,Key-to-Fill Ratio: 35.38:1,Hard Shadows,Warm Lighting,Contrast Ratio: 50:1,No Glare
819,Silhouette,Front Light,Key-to-Fill Ratio: 35.28:1,Hard Shadows,Warm Lighting,Contrast Ratio: 50:1,No Glare
820,Silhouette,Front Light,Key-to-Fill Ratio: 35.17:1,Hard Shadows,Warm Lighting,Contrast Ratio: 50:1,No Glare
821,Silhouette,Front Light,Key-to-Fill Ratio: 35.11:1,Hard Shadows,Warm Lighting,Contrast Ratio: 50:1,No Glare
822,Silhouette,Front Light,Key-to-Fill Ratio: 35.07:1,Hard Shadows,Warm Lighting,Contrast Ratio: 50:1,No Glare
823,Silhouette,Front Light,Key-to-Fill Ratio: 34.94:1,Hard Shadows,Warm Lighting,Contrast Ratio: 50:1,No Glare
824,Silhouette,Front Light,Key-to-Fill Ratio: 34.8:1,Hard Shadows,Warm Lighting,Contrast Ratio: 50:1,No Glare
825,Silhouette,Front Light,Key-to-Fill Ratio: 34.81:1,Hard Shadows,Warm Lighting,Contrast Ratio: 50:1,No Glare
826,Silhouette,Front Light,Key-to-Fill Ratio: 34.84:1,Hard Shadows,Warm Lighting,Contrast Ratio: 50:1,No Glare
827,Silhouette,Front Light,Key-to-Fill Ratio: 34.74:1,Hard Shadows,Warm Lighting,Contrast Ratio: 50:1,No Glare
828,Silhouette,Front Light,Key-to-Fill Ratio: 34.69:1,Hard Shadows,Warm Lighting,Contrast Ratio: 50:1,No Glare
829,Silhouette,Front Light,Key-to-Fill Ratio: 34.55:1,Hard Shadows,Warm Lighting,Contrast Ratio: 50:1,No Glare
830,Silhouette,Front Light,Key-to-Fill Ratio: 34.54:1,Hard Shadows,Warm Lighting,Contrast Ratio: 50:1,No Glare
831,Silhouette,Front Light,Key-to-Fill Ratio: 34.47:1,Hard Shadows,Warm Lighting,Contrast Ratio: 50:1,No Glare
832,Silhouette,Front Light,Key-to-Fill Ratio: 34.39:1,Hard Shadows,Warm Lighting,Contrast Ratio: 50:1,No Glare
833,Silhouette,Front Light,Key-to-Fill Ratio: 34.4:1,Hard Shadows,Warm Lighting,Contrast Ratio: 50:1,No Glare
834,Silhouette,Front Light,Key-to-Fill Ratio: 34.27:1,Hard Shadows,Warm Lighting,Contrast Ratio: 50:1,No Glare
835,Silhouette,Front Light,Key-to-Fill Ratio: 34.16:1,Hard Shadows,Warm Lighting,Contrast Ratio: 50:1,No Glare
836,Silhouette,Front Light,Key-to-Fill Ratio: 34.13:1,Hard Shadows,Warm Lighting,Contrast Ratio: 50:1,No Glare
837,Silhouette,Front Light,Key-to-Fill Ratio: 34.15:1,Hard Shadows,Warm Lighting,Contrast Ratio: 50:1,No Glare
838,Silhouette,Front Light,Key-to-Fill Ratio: 34.0:1,Hard Shadows,Warm Lighting,Contrast Ratio: 50:1,No Glare
839,Silhouette,Front Light,Key-to-Fill Ratio: 33.97:1,Hard Shadows,Warm Lighting,Contrast Ratio: 50:1,No Glare
840,Silhouette,Front Light,Key-to-Fill Ratio: 33.99:1,Hard Shadows,Warm Lighting,Contrast Ratio: 50:1,No Glare
841,Silhouette,Front Light,Key-to-Fill Ratio: 33.89:1,Hard Shadows,Warm Lighting,Contrast Ratio: 50:1,No Glare
842,Silhouette,Front Light,Key-to-Fill Ratio: 33.8:1,Hard Shadows,Warm Lighting,Contrast Ratio: 50:1,No Glare
843,Silhouette,Front Light,Key-to-Fill Ratio: 33.74:1,Hard Shadows,Warm Lighting,Contrast Ratio: 50:1,No Glare
844,Silhouette,Front Light,Key-to-Fill Ratio: 33.76:1,Hard Shadows,Warm Lighting,Contrast Ratio: 50:1,No Glare
845,High-Key,Front Light,Key-to-Fill Ratio: 33.65:1,Hard Shadows,Warm Lighting,Contrast Ratio: 50:1,No Glare
846,High-Key,Front Light,Key-to-Fill Ratio: 33.6:1,Hard Shadows,Warm Lighting,Contrast Ratio: 50:1,No Glare
847,High-Key,Front Light,Key-to-Fill Ratio: 33.49:1,Hard Shadows,Warm Lighting,Contrast Ratio: 50:1,No Glare
848,Silhouette,Front Light,Key-to-Fill Ratio: 33.45:1,Hard Shadows,Warm Lighting,Contrast Ratio: 50:1,No Glare
849,High-Key,Front Light,Key-to-Fill Ratio: 33.41:1,Hard Shadows,Warm Lighting,Contrast Ratio: 50:1,No Glare
850,High-Key,Front Light,Key-to-Fill Ratio: 33.41:1,Hard Shadows,Warm Lighting,Contrast Ratio: 50:1,No Glare
851,Silhouette,Front Light,Key-to-Fill Ratio: 33.31:1,Hard Shadows,Warm Lighting,Contrast Ratio: 50:1,No Glare
852,High-Key,Front Light,Key-to-Fill Ratio: 33.35:1,Hard Shadows,Warm Lighting,Contrast Ratio: 50:1,No Glare
853,High-Key,Front Light,Key-to-Fill Ratio: 33.28:1,Hard Shadows,Warm Lighting,Contrast Ratio: 50:1,No Glare
854,High-Key,Front Light,Key-to-Fill Ratio: 33.19:1,Hard Shadows,Warm Lighting,Contrast Ratio: 50:1,No Glare
855,High-Key,Front Light,Key-to-Fill Ratio: 33.16:1,Hard Shadows,Warm Lighting,Contrast Ratio: 50:1,No Glare
856,Silhouette,Front Light,Key-to-Fill Ratio: 33.23:1,Hard Shadows,Warm Lighting,Contrast Ratio: 50:1,No Glare
857,Silhouette,Front Light,Key-to-Fill Ratio: 33.11:1,Hard Shadows,Warm Lighting,Contrast Ratio: 50:1,No Glare
858,High-Key,Front Light,Key-to-Fill Ratio: 33.19:1,Hard Shadows,Warm Lighting,Contrast Ratio: 50:1,No Glare
859,Silhouette,Front Light,Key-to-Fill Ratio: 33.21:1,Hard Shadows,Warm Lighting,Contrast Ratio: 50:1,No Glare
860,Silhouette,Front Light,Key-to-Fill Ratio: 33.18:1,Hard Shadows,Warm Lighting,Contrast Ratio: 50:1,No Glare
861,Silhouette,Front Light,Key-to-Fill Ratio: 33.0:1,Hard Shadows,Warm Lighting,Contrast Ratio: 50:1,No Glare
862,Silhouette,Front Light,Key-to-Fill Ratio: 32.99:1,Hard Shadows,Warm Lighting,Contrast Ratio: 50:1,No Glare
863,Silhouette,Front Light,Key-to-Fill Ratio: 32.99:1,Hard Shadows,Warm Lighting,Contrast Ratio: 50:1,No Glare
864,High-Key,Front Light,Key-to-Fill Ratio: 33.08:1,Hard Shadows,Warm Lighting,Contrast Ratio: 50:1,No Glare
865,High-Key,Front Light,Key-to-Fill Ratio: 32.99:1,Hard Shadows,Warm Lighting,Contrast Ratio: 50:1,No Glare
866,High-Key,Front Light,Key-to-Fill Ratio: 33.01:1,Hard Shadows,Warm Lighting,Contrast Ratio: 50:1,No Glare
867,High-Key,Front Light,Key-to-Fill Ratio: 32.83:1,Hard Shadows,Warm Lighting,Contrast Ratio: 50:1,No Glare
868,High-Key,Front Light,Key-to-Fill Ratio: 32.9:1,Hard Shadows,Warm Lighting,Contrast Ratio: 50:1,No Glare
869,High-Key,Front Light,Key-to-Fill Ratio: 32.8:1,Hard Shadows,Warm Lighting,Contrast Ratio: 50:1,No Glare
870,High-Key,Front Light,Key-to-Fill Ratio: 32.82:1,Hard Shadows,Warm Lighting,Contrast Ratio: 50:1,No Glare
871,High-Key,Front Light,Key-to-Fill Ratio: 32.8:1,Hard Shadows,Warm Lighting,Contrast Ratio: 50:1,No Glare
872,High-Key,Front Light,Key-to-Fill Ratio: 32.82:1,Hard Shadows,Warm Lighting,Contrast Ratio: 50:1,No Glare
873,Silhouette,Front Light,Key-to-Fill Ratio: 32.74:1,Hard Shadows,Warm Lighting,Contrast Ratio: 50:1,No Glare
874,Silhouette,Front Light,Key-to-Fill Ratio: 32.84:1,Hard Shadows,Warm Lighting,Contrast Ratio: 50:1,No Glare
875,Silhouette,Front Light,Key-to-Fill Ratio: 32.77:1,Hard Shadows,Warm Lighting,Contrast Ratio: 50:1,No Glare
876,Silhouette,Front Light,Key-to-Fill Ratio: 32.78:1,Hard Shadows,Warm Lighting,Contrast Ratio: 50:1,No Glare
877,Silhouette,Front Light,Key-to-Fill Ratio: 32.71:1,Hard Shadows,Warm Lighting,Contrast Ratio: 50:1,No Glare
878,Silhouette,Front Light,Key-to-Fill Ratio: 32.74:1,Hard Shadows,Warm Lighting,Contrast Ratio: 50:1,No Glare
879,Silhouette,Front Light,Key-to-Fill Ratio: 32.69:1,Hard Shadows,Warm Lighting,Contrast Ratio: 50:1,No Glare
880,Silhouette,Front Light,Key-to-Fill Ratio: 32.71:1,Hard Shadows,Warm Lighting,Contrast Ratio: 50:1,No Glare
881,Silhouette,Front Light,Key-to-Fill Ratio: 32.67:1,Hard Shadows,Warm Lighting,Contrast Ratio: 50:1,No Glare
882,Silhouette,Front Light,Key-to-Fill Ratio: 32.61:1,Hard Shadows,Warm Lighting,Contrast Ratio: 50:1,No Glare
883,Silhouette,Front Light,Key-to-Fill Ratio: 32.5:1,Hard Shadows,Warm Lighting,Contrast Ratio: 50:1,No Glare
884,Silhouette,Front Light,Key-to-Fill Ratio: 32.42:1,Hard Shadows,Warm Lighting,Contrast Ratio: 50:1,No Glare
885,Silhouette,Front Light,Key-to-Fill Ratio: 32.34:1,Hard Shadows,Warm Lighting,Contrast Ratio: 50:1,No Glare
886,Silhouette,Front Light,Key-to-Fill Ratio: 32.36:1,Hard Shadows,Warm Lighting,Contrast Ratio: 50:1,No Glare
887,Silhouette,Front Light,Key-to-Fill Ratio: 32.2:1,Hard Shadows,Warm Lighting,Contrast Ratio: 50:1,No Glare
888,Silhouette,Front Light,Key-to-Fill Ratio: 32.18:1,Hard Shadows,Warm Lighting,Contrast Ratio: 50:1,No Glare
889,Silhouette,Front Light,Key-to-Fill Ratio: 32.14:1,Hard Shadows,Warm Lighting,Contrast Ratio: 50:1,No Glare
890,Silhouette,Front Light,Key-to-Fill Ratio: 32.17:1,Hard Shadows,Warm Lighting,Contrast Ratio: 50:1,No Glare
891,Silhouette,Front Light,Key-to-Fill Ratio: 32.13:1,Hard Shadows,Warm Lighting,Contrast Ratio: 50:1,No Glare
892,Silhouette,Front Light,Key-to-Fill Ratio: 32.11:1,Hard Shadows,Warm Lighting,Contrast Ratio: 50:1,No Glare
893,Silhouette,Front Light,Key-to-Fill Ratio: 32.03:1,Hard Shadows,Warm Lighting,Contrast Ratio: 50:1,No Glare
894,Silhouette,Front Light,Key-to-Fill Ratio: 32.04:1,Hard Shadows,Warm Lighting,Contrast Ratio: 50:1,No Glare
895,Silhouette,Front Light,Key-to-Fill Ratio: 31.94:1,Hard Shadows,Warm Lighting,Contrast Ratio: 50:1,No Glare
896,Silhouette,Front Light,Key-to-Fill Ratio: 31.92:1,Hard Shadows,Warm Lighting,Contrast Ratio: 50:1,No Glare
897,Silhouette,Front Light,Key-to-Fill Ratio: 31.86:1,Hard Shadows,Warm Lighting,Contrast Ratio: 50:1,No Glare
898,Silhouette,Front Light,Key-to-Fill Ratio: 31.75:1,Hard Shadows,Warm Lighting,Contrast Ratio: 50:1,No Glare
899,Silhouette,Front Light,Key-to-Fill Ratio: 31.5:1,Hard Shadows,Warm Lighting,Contrast Ratio: 50:1,No Glare
900,Silhouette,Front Light,Key-to-Fill Ratio: 31.79:1,Hard Shadows,Warm Lighting,Contrast Ratio: 50:1,No Glare
